respondent_id,region_str,psu,weight,age,female,educ_raw,income_k,trust_gov,trust_media,trust_science,trust_local,policy_support,voted_last_election,satisfaction
1,west,26,0.7188,26,1,3,52.3,1,4,1,1,2,0,5.9
2,SOUTH,27,0.6524,57,0,3,44.1,3,1,1,4,4,0,8.8
3, northeast,3,1.0679,71,1,4,,1,5,3,-99,4,1,7.7
4,Midwest ,6,1.1787,18,0,2,26.0,4,5,3,3,4,0,6.3
5, northeast,7,1.2861,46,0,3,40.5,5,2,3,1,4,0,4.8
6,Midwest ,1,1.2298,18,1,4,N/A,3,-99,3,3,4,0,7.1
7,SOUTH,22,0.9895,53,1,4,34.6,3,2,4,3,4,1,5.5
8,Midwest ,25,1.1229,38,0,4,26.5,5,5,2,1,3,1,6.2
9, northeast,23,1.4376,53,0,4,20.8,3,1,3,3,4,0,4.9
10,west,27,0.899,23,0,2,12.9,3,4,4,1,4,1,4.2
11, northeast,4,1.2749,35,0,1,30.6,2,4,3,1,4,0,5.2
12, northeast,24,1.3346,50,0,3,26.3,2,1,2,1,4,1,6.7
13,Midwest ,15,1.033,30,1,4,47.8,1,1,1,3,4,1,9.8
14,west,19,0.7812,31,1,3,25.8,3,1,1,1,2,0,3.6
15,west,17,0.8131,48,0,1,16.3,1,1,1,1,2,0,5.2
16,Midwest ,14,1.3252,29,1,2,42.6,4,5,5,5,4,1,8.3
17,west,1,0.8494,45,0,3,41.9,3,3,5,3,4,0,7.3
18,west,18,0.5306,35,1,3,11.2,4,2,1,1,4,0,4.3
19,SOUTH,6,0.8771,18,1,5,N/A,5,5,5,3,4,1,7.9
20,Midwest ,18,1.1316,24,0,2,48.9,4,1,2,1,3,0,4.4
21,Midwest ,19,1.081,35,0,3,12.2,1,1,1,1,3,1,7.3
22,SOUTH,23,0.7291,67,0,2,20.4,3,4,4,4,3,1,6.1
23,SOUTH,6,0.8441,54,1,4,11.6,1,5,-99,3,4,1,6.4
24,Midwest ,8,0.8199,84,0,3,50.5,1,3,2,2,3,1,5.3
25,SOUTH,2,0.6391,48,0,3,28.0,2,1,1,1,4,1,4.4
26,west,13,0.679,55,1,3,34.2,5,1,4,-99,4,1,5.2
27,west,4,0.6739,38,1,2,18.9,1,1,1,4,4,1,4.8
28,SOUTH,29,0.7084,30,0,1,28.9,5,1,1,5,4,0,7.8
29,Midwest ,3,1.1898,58,0,3,78.9,4,4,5,5,4,1,6.5
30, northeast,25,1.414,59,0,4,30.6,2,2,1,1,2,1,4.7
31,Midwest ,5,1.0067,54,1,4,21.1,3,2,1,-99,4,1,7.2
32, northeast,30,0.8302,44,0,3,51.4,1,1,1,1,3,0,3.7
33,Midwest ,9,0.9178,44,1,2,36.7,2,1,4,2,2,1,4.9
34,SOUTH,5,0.7633,57,1,2,19.6,4,4,4,-99,4,1,6.3
35, northeast,6,1.7004,39,0,3,23.5,3,2,2,2,2,0,4.0
36,Midwest ,13,1.1735,34,0,2,37.5,1,1,2,-99,4,1,5.2
37,west,5,0.6883,40,0,1,48.9,5,5,5,5,4,0,5.2
38, northeast,6,1.4686,62,0,3,13.5,1,5,1,2,2,1,6.1
39,SOUTH,16,0.7122,52,1,1,41.6,4,2,-99,4,4,0,7.0
40,Midwest ,2,1.3379,58,0,2,N/A,2,5,1,4,4,1,5.8
41,SOUTH,21,0.8058,21,1,2,14.5,5,5,3,2,4,0,5.6
42,Midwest ,29,1.213,56,0,1,40.0,5,5,5,4,4,0,6.7
43,Midwest ,27,1.1373,40,0,2,8.4,1,3,2,-99,4,0,7.9
44,SOUTH,25,1.0091,18,0,1,13.3,5,5,5,5,4,0,7.0
45,SOUTH,11,0.8786,62,1,5,41.8,1,3,1,1,2,1,6.3
46, northeast,10,1.5088,19,1,4,37.7,3,1,1,3,3,0,7.0
47,west,5,0.694,44,1,3,32.6,5,5,5,5,4,0,8.5
48,west,16,0.9491,90,0,2,54.5,1,3,-99,4,3,0,6.3
49,west,11,0.7304,26,0,3,35.7,3,4,1,5,4,1,6.5
50, northeast,25,1.4319,59,1,3,32.9,2,1,3,3,4,1,6.1
51,Midwest ,29,0.9276,21,0,4,34.7,1,1,4,4,4,0,8.0
52,Midwest ,5,1.3165,51,1,5,62.8,5,4,4,3,4,1,7.2
53, northeast,12,1.3053,33,0,2,34.8,3,5,5,5,4,0,7.2
54, northeast,12,0.829,32,1,1,15.4,3,-99,2,3,3,0,6.9
55, northeast,9,0.7043,27,1,3,11.7,2,2,1,4,1,1,6.9
56,west,24,0.7025,70,0,3,34.0,5,3,5,4,4,1,6.9
57, northeast,17,1.4731,37,0,4,36.6,2,1,1,2,3,0,4.9
58, northeast,18,1.3191,58,0,5,36.3,1,3,2,3,3,1,4.2
59,west,1,0.7713,54,1,1,35.7,1,1,1,1,2,0,5.2
60, northeast,14,1.3035,53,0,2,53.6,-99,1,1,1,3,1,5.1
61, northeast,19,1.46,54,1,3,50.1,1,1,1,1,4,1,7.6
62,west,5,0.7774,43,1,3,34.8,1,-99,1,2,2,1,6.2
63, northeast,28,1.6227,54,1,4,42.2,5,4,4,3,4,1,3.4
64,SOUTH,4,0.7647,86,1,3,38.5,2,2,4,2,4,1,5.1
65,west,5,0.7272,62,0,2,65.1,1,5,5,2,2,1,6.2
66,west,14,0.6558,64,1,2,147.7,2,3,4,4,2,1,8.9
67,SOUTH,9,0.9615,34,1,3,22.5,1,1,1,1,2,1,5.1
68,SOUTH,7,1.0473,33,0,3,38.3,4,5,5,5,4,1,5.8
69,west,10,0.9643,54,0,4,28.1,1,1,1,2,4,1,4.8
70,SOUTH,14,0.8815,58,0,3,24.5,3,5,4,4,4,1,8.6
71,west,28,0.5512,62,1,3,22.0,3,5,-99,1,4,1,5.7
72,west,8,0.6632,49,0,4,23.8,2,4,2,4,4,1,6.8
73,west,5,0.8668,22,1,2,24.3,5,-99,5,5,4,0,9.4
74, northeast,14,1.3947,57,1,2,N/A,4,2,4,4,4,0,6.5
75,west,1,0.7327,44,0,2,34.7,1,1,1,1,3,1,5.0
76,Midwest ,26,1.3791,49,1,1,66.6,5,-99,5,5,4,0,7.6
77,Midwest ,19,0.8179,44,1,3,33.2,3,4,3,1,4,1,7.9
78,west,12,0.6035,33,0,3,33.6,5,5,5,5,4,0,7.0
79,Midwest ,28,1.1592,73,0,4,35.7,1,3,5,2,3,1,7.0
80,Midwest ,6,1.1007,43,0,2,42.6,2,5,5,5,4,1,6.4
81,west,29,0.7207,32,0,2,20.3,2,5,4,4,3,0,6.6
82,Midwest ,6,1.405,78,0,1,42.4,1,3,3,3,4,1,7.1
83,west,25,0.7945,67,0,3,24.1,4,2,5,3,4,1,6.6
84,SOUTH,20,0.7044,34,0,4,36.1,5,4,4,3,4,1,5.7
85,Midwest ,28,1.2162,45,0,4,50.2,5,5,5,5,4,1,7.4
86,Midwest ,10,1.2239,60,1,4,15.1,1,1,1,1,2,1,6.6
87,Midwest ,30,1.0116,70,0,3,5.4,5,1,1,5,3,1,7.6
88,Midwest ,3,1.2639,51,1,3,46.2,4,3,4,4,4,1,7.0
89,Midwest ,21,1.3561,52,0,1,9.9,1,1,1,1,3,1,6.0
90,west,12,0.6511,25,0,3,28.4,5,5,5,5,4,0,6.6
91, northeast,28,1.5834,61,1,2,10.3,3,2,4,-99,4,1,5.7
92,Midwest ,7,1.2002,24,0,2,N/A,-99,5,4,5,4,0,7.1
93,west,24,0.726,43,1,2,16.0,2,1,4,5,3,1,5.5
94,SOUTH,7,0.7912,90,0,4,78.4,2,3,5,3,3,1,5.6
95,SOUTH,13,0.7451,36,1,4,43.6,2,4,5,3,4,1,7.6
96,SOUTH,11,0.8661,64,0,3,35.2,5,5,4,5,4,1,6.2
97,west,10,0.7088,35,1,4,58.1,2,1,4,-99,4,1,6.4
98,west,2,0.6787,34,1,2,25.4,1,1,3,3,4,0,6.5
99,west,11,0.7507,18,0,2,31.7,2,3,4,1,4,0,5.7
100,SOUTH,9,0.984,29,0,1,36.5,1,4,3,1,4,0,6.6
101,Midwest ,7,1.1113,31,1,3,39.4,5,3,4,5,4,0,6.9
102,Midwest ,29,0.8746,54,1,2,40.8,1,1,1,1,4,0,4.4
103,west,25,0.6158,REFUSED,1,3,26.4,-99,2,3,5,4,1,6.1
104, northeast,25,1.0439,45,0,1,37.4,4,2,4,4,4,0,4.1
105,SOUTH,18,1.043,27,0,3,60.4,5,4,4,4,4,1,7.8
106, northeast,18,1.4131,REFUSED,0,2,66.5,5,3,4,4,4,1,6.7
107,west,28,0.6015,54,1,3,10.7,4,4,5,3,4,0,4.4
108, northeast,1,1.5409,45,0,3,10.9,4,3,4,5,4,0,7.9
109,west,19,0.7692,45,1,2,20.5,3,3,1,1,3,1,6.5
110, northeast,18,1.5351,41,0,3,43.7,5,5,3,4,4,0,6.8
111,Midwest ,17,1.1089,61,0,2,40.5,2,3,5,4,3,1,8.4
112,west,14,0.7268,18,1,1,79.8,1,3,3,5,4,0,8.5
113,SOUTH,21,0.7228,65,1,3,38.8,3,2,5,3,4,1,6.9
114, northeast,6,1.5077,18,1,5,48.2,3,1,1,1,2,1,5.7
115,west,10,0.7215,REFUSED,1,3,50.1,2,5,1,1,3,0,3.9
116,SOUTH,4,0.8071,47,1,5,26.8,3,3,1,2,2,1,5.1
117,Midwest ,23,1.1522,REFUSED,1,5,45.0,2,3,4,5,4,1,7.4
118,west,16,0.6171,77,1,2,25.2,-99,4,3,1,4,0,5.2
119,west,18,0.7663,42,0,1,24.8,4,5,3,5,2,0,6.3
120, northeast,4,1.2111,18,0,3,31.1,4,5,3,1,4,0,5.0
121,Midwest ,4,1.226,54,1,1,27.1,4,4,3,3,4,0,6.4
122, northeast,23,1.6154,42,1,2,25.3,1,2,1,1,4,0,5.7
123, northeast,20,0.9009,47,1,3,56.2,3,5,3,4,4,1,7.0
124,SOUTH,26,0.733,53,1,3,21.3,2,1,3,5,4,1,6.3
125,SOUTH,13,0.9301,31,1,2,38.3,3,2,1,1,4,0,5.2
126,west,26,0.8115,25,0,1,63.4,3,3,2,5,4,1,6.3
127,SOUTH,12,0.6289,46,0,2,45.6,4,4,5,3,4,0,5.1
128,SOUTH,20,0.8271,44,1,4,,4,5,3,3,4,1,6.2
129,SOUTH,16,1.183,20,1,3,28.1,2,3,5,4,4,0,7.4
130,SOUTH,16,0.7831,70,1,2,32.1,1,1,3,3,3,0,3.7
131,west,10,0.8666,55,0,4,24.5,2,3,-99,2,4,1,6.1
132,west,21,0.6753,45,0,5,20.0,2,2,5,1,4,1,5.2
133,west,9,0.6816,52,0,2,23.3,2,2,3,2,2,0,7.0
134,SOUTH,18,0.9146,22,0,2,51.9,2,1,1,1,4,0,5.8
135, northeast,13,1.274,51,0,4,37.2,3,5,3,5,4,1,7.6
136,Midwest ,7,0.944,33,0,2,30.1,1,1,2,1,4,1,5.9
137,Midwest ,30,1.263,48,0,3,N/A,3,1,5,2,4,1,4.6
138,Midwest ,23,1.0204,42,1,2,47.0,4,4,4,-99,4,0,6.6
139,SOUTH,9,0.942,36,1,5,14.8,-99,5,5,5,4,1,5.8
140,Midwest ,16,1.1856,62,0,2,17.6,5,4,3,5,4,1,7.5
141,SOUTH,17,0.7135,58,0,3,34.8,4,4,2,3,4,0,6.8
142, northeast,18,1.7501,48,1,3,21.8,2,1,2,2,3,1,7.3
143,Midwest ,15,1.221,79,1,3,22.6,4,5,2,5,3,0,8.2
144, northeast,17,1.8793,36,1,4,23.7,5,5,5,5,4,1,6.1
145,SOUTH,26,0.7504,30,1,3,N/A,3,4,4,4,4,1,7.3
146,Midwest ,15,0.7937,31,1,4,N/A,4,1,-99,-99,4,1,6.7
147,SOUTH,28,0.8922,44,1,4,37.5,3,2,2,4,4,1,6.2
148,Midwest ,10,1.3267,44,1,3,20.6,1,1,1,1,4,1,4.4
149,west,6,0.6538,19,0,3,26.4,3,-99,3,5,4,0,6.5
150,Midwest ,6,1.0209,33,0,3,20.8,-99,5,4,4,3,0,4.9
151,west,1,0.7935,18,0,3,21.7,3,1,1,3,4,0,8.5
152,Midwest ,15,0.8398,44,1,2,33.8,5,5,5,4,4,1,5.7
153,Midwest ,9,1.1647,41,1,2,99.7,5,1,1,2,4,0,6.3
154, northeast,13,1.2236,35,0,3,21.8,5,3,3,3,4,1,6.8
155,SOUTH,29,0.8269,29,1,2,30.4,-99,3,3,2,4,0,4.2
156,west,17,0.8401,65,0,3,12.7,5,2,3,2,4,0,4.4
157,Midwest ,20,0.9722,24,0,3,72.2,5,5,5,5,4,1,6.1
158,SOUTH,4,0.5636,60,1,2,33.3,1,4,1,1,3,0,5.7
159,SOUTH,6,0.7418,59,0,4,32.2,5,1,3,3,4,1,4.1
160,Midwest ,22,0.8958,49,1,4,27.0,5,5,4,5,4,1,8.6
161,Midwest ,16,0.9407,28,0,3,21.6,2,5,3,5,4,0,6.7
162,Midwest ,7,1.1687,50,0,3,46.3,-99,-99,5,2,4,0,6.0
163,SOUTH,12,0.6836,56,1,2,21.6,1,1,1,3,4,1,6.2
164,Midwest ,16,1.3267,44,0,3,10.1,3,1,1,1,4,1,7.1
165,west,9,0.8238,36,0,3,34.6,2,3,5,3,3,0,6.7
166,SOUTH,11,0.8034,29,1,3,78.0,4,5,5,5,4,1,7.4
167,Midwest ,5,1.3221,57,1,2,14.2,5,5,2,5,4,0,9.5
168,west,8,0.716,42,1,2,43.6,5,3,3,3,4,1,4.5
169,west,16,0.6577,49,0,3,35.2,5,3,5,5,4,1,7.1
170,west,26,0.7711,58,1,4,30.5,1,1,1,1,3,0,5.9
171,west,22,0.5455,71,0,5,62.4,5,5,5,5,4,1,5.9
172,Midwest ,7,1.2586,53,0,3,17.4,4,1,1,2,4,1,6.1
173, northeast,10,1.6356,90,0,2,22.9,1,1,4,1,4,1,5.0
174,Midwest ,20,1.1973,69,0,4,68.8,1,5,4,1,2,1,4.8
175,SOUTH,17,0.8948,33,1,2,42.4,5,2,1,1,4,0,6.8
176, northeast,13,0.8596,18,0,4,20.1,1,1,1,1,3,0,3.8
177, northeast,27,1.149,55,1,1,91.3,3,5,3,2,4,1,5.7
178, northeast,17,1.5107,25,0,4,62.6,2,5,5,5,4,0,7.3
179,SOUTH,8,0.7598,45,0,3,15.7,3,1,3,5,4,0,6.7
180,Midwest ,10,0.9046,30,0,2,38.7,5,5,5,5,4,0,7.0
181,SOUTH,16,0.888,48,1,2,10.1,5,5,5,5,4,0,5.1
182,west,21,0.796,60,1,2,29.9,1,5,2,4,2,0,6.2
183,west,6,0.7737,45,0,2,79.8,2,3,5,1,4,1,5.1
184,west,30,0.7964,29,1,2,37.8,3,4,3,3,4,0,5.0
185, northeast,28,1.4763,52,0,3,45.3,3,2,1,4,4,1,7.3
186, northeast,9,1.7626,56,0,1,17.9,5,-99,5,5,4,0,8.2
187,Midwest ,27,1.1935,68,0,2,,5,3,2,5,4,1,5.8
188,Midwest ,19,1.0095,29,1,5,62.5,4,2,5,4,4,0,3.2
189,west,30,0.8206,45,1,2,19.0,1,1,3,1,2,0,4.9
190, northeast,22,1.2122,52,1,3,17.1,5,4,3,3,4,0,7.4
191,west,27,0.6585,37,1,4,82.7,5,1,1,1,3,1,5.3
192,west,1,0.6566,41,1,4,9.4,5,3,3,3,4,1,7.2
193,Midwest ,25,1.2183,REFUSED,1,3,N/A,5,4,5,4,4,1,4.4
194,Midwest ,13,1.2979,41,0,2,28.8,4,2,2,3,4,1,7.3
195,Midwest ,23,1.2104,76,1,3,39.7,4,2,3,2,4,0,4.4
196,SOUTH,22,0.8852,50,0,2,63.0,4,1,3,4,4,0,5.9
197,SOUTH,11,0.989,30,0,3,28.5,1,1,2,1,4,0,5.1
198,west,25,0.7315,41,1,2,54.8,5,-99,5,3,4,0,5.2
199,SOUTH,30,0.9171,58,0,4,21.3,4,3,5,3,4,1,6.5
200,Midwest ,28,1.1286,22,0,2,21.7,1,2,1,1,2,0,6.5
201,west,13,0.9531,68,1,1,19.7,4,5,5,5,4,0,6.9
202,west,11,0.4724,32,1,2,53.1,5,4,2,4,4,0,6.6
203,west,25,0.6253,37,1,1,30.8,3,1,1,1,4,0,6.9
204,Midwest ,10,1.1432,REFUSED,0,4,36.2,1,3,4,1,4,0,5.7
205, northeast,8,1.7529,59,1,3,26.2,5,3,4,2,4,0,5.5
206,SOUTH,21,0.8384,47,1,4,34.4,5,3,5,4,4,0,6.6
207,SOUTH,29,0.9732,74,1,3,29.3,5,4,1,2,4,1,5.0
208,SOUTH,26,0.9835,23,1,5,104.0,2,5,1,2,4,1,6.8
209,SOUTH,19,0.5745,30,0,3,25.3,5,5,5,5,4,0,7.1
210,SOUTH,5,0.7413,REFUSED,1,4,87.6,1,1,1,1,1,1,3.7
211,Midwest ,12,1.1477,71,0,4,36.7,-99,3,4,5,4,1,7.7
212,SOUTH,22,0.6941,51,1,3,71.6,2,2,1,2,4,1,5.8
213,west,4,0.7649,33,0,1,18.0,1,3,5,4,4,0,7.3
214,west,10,0.7926,18,1,3,116.2,1,-99,3,1,3,0,7.5
215, northeast,18,1.2549,32,1,1,73.0,4,4,3,4,4,0,6.8
216,Midwest ,16,1.1815,44,0,2,64.3,5,5,4,5,4,1,7.7
217,Midwest ,22,1.1099,23,0,2,59.4,1,3,4,1,3,0,5.0
218, northeast,14,1.2474,19,0,5,36.7,4,3,5,4,4,1,6.2
219,SOUTH,29,0.6634,46,1,3,22.1,4,3,3,3,4,0,5.3
220,SOUTH,6,0.638,47,0,4,30.2,2,2,2,5,4,1,7.5
221,Midwest ,23,0.9459,48,1,3,74.9,3,-99,2,5,4,0,5.3
222,SOUTH,18,0.7845,47,1,4,26.3,5,4,3,2,4,1,6.0
223,Midwest ,18,1.0798,44,1,4,34.7,5,-99,5,4,4,1,5.5
224, northeast,20,1.8755,73,1,2,25.6,2,5,3,1,3,1,6.1
225, northeast,26,1.451,67,0,3,110.1,4,1,3,2,4,1,7.9
226,SOUTH,10,0.8026,62,0,2,31.7,5,5,3,5,4,0,7.4
227,west,12,0.7236,66,1,2,46.3,3,5,3,-99,4,1,4.9
228,Midwest ,14,1.0897,37,0,3,90.2,2,1,1,2,2,0,4.7
229,Midwest ,8,0.9804,31,0,4,31.2,5,2,1,1,4,0,4.8
230,SOUTH,1,0.9557,77,1,3,10.3,5,3,3,-99,4,1,6.3
231,west,21,0.6207,49,1,2,31.8,5,4,5,5,4,0,6.3
232, northeast,1,1.3875,62,1,5,21.9,2,4,1,2,4,1,6.6
233,SOUTH,14,0.8019,47,1,3,23.4,4,4,3,2,4,1,6.6
234,SOUTH,5,1.1501,29,0,2,21.3,1,2,2,2,2,0,6.1
235,west,7,0.6624,40,1,4,81.6,3,1,3,2,2,0,4.0
236,west,14,0.7924,51,0,4,31.7,1,4,5,1,4,1,4.1
237,SOUTH,6,0.7281,47,1,3,45.2,4,3,3,2,4,1,3.7
238,SOUTH,18,0.8025,46,0,4,26.0,5,1,4,1,4,1,4.5
239,SOUTH,20,0.8749,34,0,4,10.0,1,1,2,2,4,1,4.0
240, northeast,1,1.4679,29,0,3,18.1,5,5,-99,5,4,0,8.2
241, northeast,21,0.8746,60,0,2,23.7,5,5,4,4,4,1,7.3
242, northeast,16,1.5384,80,0,2,66.6,-99,5,2,5,4,1,7.0
243,west,18,0.754,47,0,2,32.3,4,5,5,2,4,0,6.1
244, northeast,18,1.4577,61,0,1,N/A,2,1,2,-99,4,1,6.4
245,Midwest ,20,1.0549,72,0,2,16.3,5,5,5,5,4,1,5.9
246,west,24,0.6869,70,1,1,27.8,2,1,1,2,3,1,5.7
247, northeast,25,1.2053,32,0,2,32.1,5,4,5,3,4,0,5.8
248,Midwest ,26,1.0715,31,0,4,40.7,1,1,2,4,4,1,5.5
249,SOUTH,29,0.6246,55,1,4,47.3,5,3,5,2,4,1,6.6
250,Midwest ,6,1.1474,27,1,2,42.4,2,5,4,-99,4,0,6.1
251, northeast,3,1.4031,45,1,2,18.2,4,4,5,2,4,1,4.8
252,SOUTH,29,0.847,25,0,2,,2,3,3,3,3,0,5.8
253, northeast,11,1.6838,65,0,2,28.3,5,5,3,5,4,1,7.6
254,SOUTH,2,0.5695,45,0,2,75.3,5,5,5,5,4,1,9.8
255,Midwest ,16,0.9848,38,1,4,72.9,3,4,5,4,4,0,6.0
256,west,22,0.7895,44,1,5,33.7,3,2,4,1,4,0,6.3
257,west,11,0.7657,58,1,2,16.6,5,5,5,3,4,0,5.5
258, northeast,22,1.5418,39,0,3,49.0,3,3,1,2,2,1,2.0
259, northeast,16,1.3953,36,0,4,57.3,4,1,3,5,4,1,6.9
260,west,20,0.8618,57,1,2,28.9,5,3,1,4,4,1,6.8
261,west,6,0.905,50,0,2,26.2,4,2,3,5,4,0,5.6
262,SOUTH,4,0.6147,REFUSED,0,3,51.7,4,3,5,-99,4,1,6.3
263,west,30,0.5271,47,1,4,33.6,5,1,2,-99,4,0,7.7
264, northeast,29,1.7846,21,1,3,30.6,5,5,4,5,4,1,7.7
265,west,7,0.6637,60,1,4,33.8,5,5,3,4,4,0,4.9
266,SOUTH,3,0.667,47,1,3,65.4,5,5,4,5,4,1,8.1
267,Midwest ,8,0.833,45,0,3,48.0,5,5,4,5,4,0,6.5
268, northeast,4,1.2999,35,1,3,17.9,1,1,1,3,2,0,8.0
269,Midwest ,4,1.0846,37,0,2,31.0,5,3,5,5,4,1,8.5
270,west,6,0.6468,18,0,4,43.8,1,5,3,5,4,0,7.3
271,Midwest ,23,1.207,50,1,2,22.5,1,2,2,1,3,1,4.2
272, northeast,28,1.2639,50,0,4,48.2,5,5,5,3,4,1,6.8
273,west,21,0.9041,68,1,3,24.3,5,5,4,5,4,0,6.4
274,west,21,0.856,38,0,4,22.4,4,1,3,2,4,0,4.5
275,west,30,0.8283,52,1,4,14.1,5,4,5,4,4,1,5.8
276,SOUTH,20,0.5807,63,0,2,N/A,1,2,4,1,4,0,6.3
277,Midwest ,17,1.2549,60,1,3,46.0,5,5,5,5,4,0,8.7
278,SOUTH,6,0.9763,69,0,3,23.2,-99,5,4,3,4,1,5.2
279,west,3,0.696,72,1,2,76.5,4,1,1,1,4,1,4.1
280, northeast,2,1.5419,48,0,5,19.1,1,1,1,1,3,1,6.6
281,SOUTH,13,0.6938,20,0,2,22.5,4,1,2,2,3,0,8.6
282,west,25,0.9374,35,0,3,54.6,2,1,1,1,4,1,3.0
283,west,21,0.8424,36,1,3,42.0,2,4,-99,1,2,0,4.3
284,west,21,0.603,73,0,2,51.9,4,5,4,2,4,1,5.8
285,SOUTH,2,1.049,27,1,2,17.8,1,1,1,1,2,1,6.7
286,Midwest ,4,1.0909,48,0,4,40.7,1,2,1,1,3,0,3.8
287,SOUTH,23,0.9023,37,0,2,12.5,2,1,-99,1,4,0,5.4
288,SOUTH,7,0.8848,29,1,3,56.9,1,1,2,1,1,1,5.4
289,SOUTH,13,0.8991,28,1,3,61.9,1,-99,2,-99,1,0,5.9
290, northeast,21,1.3733,42,0,3,51.3,2,1,2,3,2,0,7.7
291,west,18,0.7535,39,1,4,14.9,2,1,1,-99,4,1,6.2
292,Midwest ,11,1.0978,49,0,3,17.0,3,5,2,5,4,1,8.5
293,Midwest ,29,1.2045,33,0,1,56.3,5,5,4,5,4,0,5.9
294,west,28,0.7548,43,0,4,20.3,4,3,3,3,4,1,6.3
295,SOUTH,19,1.0104,26,0,4,N/A,2,4,2,1,2,0,6.3
296,west,15,0.6304,51,0,3,27.8,3,2,5,4,4,0,7.4
297,SOUTH,11,1.0487,REFUSED,0,2,30.1,5,5,5,3,4,0,7.9
298,west,22,0.7097,47,1,3,47.5,-99,2,4,4,4,1,6.3
299, northeast,15,1.5344,64,0,4,49.2,2,4,4,4,4,0,5.6
300,SOUTH,17,0.8019,42,0,3,16.2,1,3,1,1,4,0,5.8
301, northeast,8,1.1984,36,1,1,22.6,4,5,3,3,4,1,7.9
302,Midwest ,29,1.1902,54,1,2,17.8,2,-99,2,4,2,1,6.6
303,west,13,0.749,31,0,4,74.4,3,2,1,2,4,1,6.2
304,west,16,0.9173,52,1,2,43.1,4,1,3,2,4,1,5.8
305,Midwest ,19,1.0043,52,0,2,57.3,2,-99,5,4,3,0,6.6
306,SOUTH,9,0.759,36,0,2,N/A,-99,4,5,5,4,0,8.5
307,Midwest ,14,1.0827,68,0,4,185.9,1,2,1,3,3,1,8.0
308, northeast,30,1.0905,46,1,4,17.2,5,5,-99,5,4,1,8.3
309,SOUTH,16,0.6749,64,0,3,88.7,1,3,2,3,3,1,8.9
310,west,11,0.702,41,0,4,22.8,4,-99,2,2,4,0,6.3
311, northeast,7,1.3624,48,1,4,31.0,5,5,5,5,4,1,6.0
312, northeast,26,0.949,42,0,4,N/A,1,4,4,2,4,1,7.0
313,SOUTH,28,0.8072,REFUSED,0,3,31.6,3,2,-99,2,4,1,6.6
314, northeast,11,1.5816,44,0,3,71.3,1,2,4,1,4,0,4.1
315, northeast,9,1.3802,52,1,2,54.5,1,2,2,1,4,1,2.0
316,SOUTH,7,1.0069,21,1,2,32.0,1,4,1,1,4,0,4.9
317,SOUTH,4,0.9874,32,1,2,41.1,3,1,3,1,3,1,5.9
318,SOUTH,2,0.6871,50,0,2,37.8,1,2,1,1,3,0,6.5
319, northeast,26,1.1783,42,0,5,55.9,4,2,3,4,4,1,8.4
320,SOUTH,8,0.8111,42,0,2,35.7,3,4,4,5,4,1,6.0
321,Midwest ,16,1.5252,73,1,3,25.1,5,4,3,-99,4,1,3.0
322, northeast,22,1.2075,38,1,3,35.8,2,4,3,3,4,0,6.7
323,Midwest ,16,0.8735,52,0,2,34.1,4,3,3,4,4,0,7.9
324,SOUTH,22,0.8266,41,0,4,42.8,5,4,4,4,4,1,7.3
325, northeast,8,1.245,42,0,2,90.7,1,2,1,1,2,1,6.5
326, northeast,17,1.2013,59,0,4,24.9,5,5,4,5,4,1,6.1
327, northeast,4,1.5863,42,0,4,14.4,5,2,1,2,4,0,4.8
328, northeast,29,1.1463,48,1,2,N/A,3,5,5,4,4,1,6.7
329,west,29,0.7655,81,1,4,31.2,2,5,4,2,4,1,5.6
330,Midwest ,22,0.8916,64,0,4,73.0,1,3,-99,3,3,1,8.1
331,Midwest ,25,0.9663,59,1,3,14.7,5,5,5,4,4,1,4.3
332,west,26,0.8053,47,1,2,18.3,5,5,5,-99,4,1,5.7
333,Midwest ,10,1.1735,34,0,1,64.9,5,-99,5,5,4,0,7.2
334,SOUTH,14,0.8772,18,1,5,14.5,5,-99,5,5,4,0,9.0
335,SOUTH,6,0.8125,55,0,4,47.9,1,1,3,1,4,1,5.0
336, northeast,17,1.4368,36,1,3,38.9,2,1,1,4,4,1,5.7
337, northeast,29,1.4281,47,0,3,37.3,4,3,5,5,4,1,6.9
338,SOUTH,22,1.0709,46,1,4,83.8,5,3,2,2,4,1,5.3
339, northeast,24,1.4036,25,0,2,24.7,2,1,3,1,4,0,4.2
340,SOUTH,3,0.9123,57,1,3,42.3,1,1,-99,1,2,0,5.7
341,SOUTH,12,0.798,44,0,2,57.6,4,2,4,1,4,1,4.7
342,SOUTH,23,0.8798,54,0,3,38.4,3,2,2,4,4,0,6.5
343, northeast,7,1.2376,28,0,2,59.6,5,5,3,5,4,0,3.8
344, northeast,19,1.4119,46,1,3,75.2,-99,4,2,-99,3,1,6.9
345,Midwest ,4,1.1526,43,1,3,29.5,1,3,1,5,3,1,7.8
346,west,21,0.6777,42,0,1,22.3,4,5,5,5,4,1,5.3
347,west,13,0.7187,24,1,2,62.5,1,3,1,3,3,0,8.0
348,Midwest ,11,0.8741,50,0,4,48.3,4,5,5,2,4,1,5.8
349,Midwest ,16,1.0969,59,0,5,36.0,3,5,2,5,4,1,5.3
350,Midwest ,6,1.0874,54,1,2,19.3,1,1,1,1,4,1,5.9
351,Midwest ,27,1.2867,38,1,3,21.1,1,1,1,1,4,0,6.4
352,SOUTH,29,0.7062,30,1,3,98.0,4,2,1,1,4,0,7.4
353,SOUTH,15,0.77,54,0,2,81.1,5,5,5,5,4,1,6.2
354,Midwest ,1,0.9282,27,1,4,26.2,5,3,5,2,4,0,7.3
355,Midwest ,21,1.1748,70,1,4,42.3,2,5,3,5,4,1,5.6
356,SOUTH,14,0.6865,32,0,5,62.7,1,2,3,3,4,0,4.7
357, northeast,28,1.2942,58,0,1,46.4,5,3,3,3,4,1,7.9
358,SOUTH,1,1.0025,18,1,3,53.2,4,1,2,1,4,0,6.6
359,SOUTH,20,0.6514,51,0,3,29.2,2,3,1,5,4,1,6.9
360,west,29,0.7275,60,0,4,62.3,1,2,2,4,3,0,8.5
361, northeast,27,1.4054,35,1,3,33.4,4,3,2,5,4,1,8.1
362,SOUTH,28,0.9229,58,1,3,68.7,2,1,1,1,4,1,4.9
363, northeast,14,1.155,47,0,3,72.1,5,1,1,3,4,0,8.4
364,west,22,0.7283,44,1,4,28.3,3,3,2,4,4,1,5.8
365, northeast,2,1.2412,26,1,2,47.2,4,2,-99,3,4,1,6.4
366,SOUTH,4,0.7489,57,1,3,N/A,4,5,1,3,4,0,4.9
367,west,24,0.6688,47,1,3,33.9,-99,5,3,-99,4,0,7.0
368,Midwest ,15,1.0231,79,0,2,37.6,4,4,5,5,4,1,7.4
369,Midwest ,30,1.1221,55,1,3,66.5,4,5,4,4,4,0,8.0
370,SOUTH,28,0.8985,64,0,2,12.2,3,2,1,2,4,1,6.2
371, northeast,15,1.5139,56,0,2,38.0,1,2,4,5,4,1,6.9
372,SOUTH,26,0.9057,49,1,3,16.8,5,5,5,5,4,1,7.9
373,Midwest ,17,1.0887,70,1,4,39.6,2,5,-99,5,4,1,7.8
374,Midwest ,23,1.0959,18,1,3,18.3,1,2,1,1,4,0,8.5
375,west,22,0.5894,61,0,5,26.8,3,4,1,3,4,1,6.9
376,west,1,0.6508,42,1,3,26.9,2,1,1,1,4,1,4.1
377,west,30,0.5971,45,0,3,34.7,3,1,1,1,3,0,4.9
378,SOUTH,30,0.8587,32,1,2,15.2,1,2,1,1,3,0,5.9
379,SOUTH,7,0.6103,38,0,3,30.1,3,5,3,3,4,0,7.0
380, northeast,16,1.2581,56,0,3,,3,4,4,5,4,1,8.0
381, northeast,21,1.4947,55,1,3,76.6,4,1,2,2,4,1,6.0
382, northeast,24,1.3017,71,0,2,65.4,2,2,2,1,4,1,3.4
383, northeast,19,1.3228,53,0,1,60.7,5,5,4,5,4,0,8.2
384,west,30,0.6699,65,0,2,63.2,5,5,5,5,4,1,4.0
385,west,11,0.849,35,0,2,N/A,3,5,2,3,4,0,6.4
386,SOUTH,23,0.7714,58,0,2,34.9,1,1,1,1,2,0,4.6
387, northeast,13,1.4038,87,1,1,20.5,4,5,4,5,4,1,7.2
388, northeast,19,1.1723,18,1,2,35.8,5,1,1,4,4,0,4.2
389,Midwest ,23,1.0178,28,0,4,61.5,1,4,3,3,3,0,8.0
390,west,25,0.8174,21,0,4,34.0,4,1,1,1,4,0,5.5
391,Midwest ,15,1.1218,51,0,1,23.0,3,3,3,5,4,0,8.0
392, northeast,1,1.3741,31,0,4,53.0,5,1,2,3,4,1,7.1
393, northeast,18,1.1631,40,0,1,28.4,5,5,5,3,4,0,6.7
394, northeast,10,1.2381,31,0,4,46.4,5,5,5,5,4,1,7.0
395,west,25,0.758,76,0,2,23.4,2,3,2,4,1,1,5.3
396, northeast,16,1.2569,87,1,3,34.3,2,1,1,1,2,1,4.8
397,west,4,0.6857,37,0,2,38.5,5,-99,5,5,4,0,7.8
398, northeast,4,1.4278,REFUSED,0,2,44.6,3,4,3,5,4,0,8.0
399,west,13,0.7998,28,1,3,36.7,3,5,5,4,4,0,6.9
400,west,27,0.8289,68,0,2,26.5,2,-99,1,2,2,1,5.6
401,Midwest ,28,1.2092,24,0,4,22.4,2,4,3,4,4,1,9.2
402,west,14,0.8264,48,0,4,23.2,5,4,2,3,4,1,5.8
403,west,13,0.7322,21,1,2,19.2,3,5,3,5,4,0,6.5
404,Midwest ,24,1.103,32,0,3,42.4,2,3,3,5,4,0,8.1
405,SOUTH,3,0.8421,47,1,2,63.1,3,2,5,3,4,1,5.0
406,Midwest ,23,1.0972,48,1,3,18.7,1,2,3,2,3,1,6.2
407,SOUTH,1,1.0352,36,1,3,30.0,3,4,4,4,4,1,7.0
408,SOUTH,17,1.1135,38,0,2,46.8,1,1,2,1,4,0,3.0
409,SOUTH,8,0.8608,32,1,5,35.4,-99,1,4,4,4,0,4.6
410,west,7,0.8981,52,1,3,,4,4,3,5,4,1,8.5
411, northeast,19,1.2355,50,0,2,39.1,1,1,1,-99,2,1,5.2
412, northeast,22,1.0351,39,1,4,N/A,5,3,1,3,4,1,4.8
413,Midwest ,3,1.0046,29,1,2,38.1,5,5,5,5,4,1,6.5
414, northeast,26,1.3554,35,0,4,86.6,5,5,5,5,4,1,8.1
415, northeast,6,1.0816,51,1,3,35.5,5,5,4,4,4,1,6.2
416,Midwest ,14,1.1053,19,0,4,80.2,3,5,4,4,4,0,7.6
417,west,8,0.6649,41,1,3,28.5,5,3,-99,4,4,1,6.6
418, northeast,10,1.4618,47,0,2,35.8,3,2,4,5,4,1,5.0
419, northeast,16,1.4163,74,1,2,50.8,4,5,5,5,4,1,7.8
420,Midwest ,22,1.4408,34,0,5,38.9,4,-99,2,5,4,1,7.5
421,SOUTH,8,0.881,60,1,3,17.6,1,1,2,1,2,0,5.1
422,west,17,0.9126,31,0,2,16.1,1,2,1,1,3,0,5.3
423,SOUTH,28,0.7492,44,0,3,41.8,5,3,5,4,4,0,7.9
424,SOUTH,7,0.8861,48,0,2,58.2,4,3,5,2,4,0,7.4
425,west,5,0.6605,58,1,1,N/A,5,5,5,5,4,1,7.1
426,Midwest ,23,1.0491,54,1,2,14.5,5,4,4,5,4,0,5.6
427, northeast,21,1.2535,36,1,4,30.1,3,1,2,3,4,1,6.7
428,SOUTH,24,1.1812,REFUSED,0,3,22.4,4,3,4,5,4,1,8.3
429, northeast,8,1.6981,55,0,3,57.4,3,5,5,-99,4,1,7.5
430,west,24,0.7859,53,0,4,43.2,2,2,5,4,4,1,4.2
431,west,12,0.7112,50,0,2,27.0,2,3,1,2,4,1,7.3
432,Midwest ,6,1.2433,18,1,3,72.0,5,3,5,3,4,1,8.8
433,SOUTH,5,0.7735,22,0,3,40.8,1,1,1,1,4,0,6.5
434,west,26,0.8137,32,1,2,71.3,5,5,5,5,4,0,6.2
435,SOUTH,27,1.0247,35,1,3,31.5,3,3,5,5,4,1,7.0
436, northeast,2,1.6077,55,1,3,28.9,4,3,4,5,4,1,7.9
437,Midwest ,3,1.1874,48,1,3,20.0,4,5,5,1,4,1,6.1
438,west,19,0.7651,36,1,3,38.0,4,5,5,5,4,1,5.9
439,SOUTH,20,0.7018,45,0,3,47.9,2,1,2,1,4,1,4.4
440, northeast,23,1.7071,59,0,3,28.7,5,3,3,5,4,1,7.8
441,SOUTH,6,0.9152,38,1,3,34.2,1,1,1,1,1,0,5.4
442, northeast,2,1.1612,29,1,3,26.2,1,1,3,1,2,0,4.1
443,west,30,0.8233,18,0,1,15.8,5,5,4,5,4,0,8.0
444,Midwest ,18,0.8965,59,0,4,41.7,3,4,3,2,4,1,7.1
445,Midwest ,17,1.3118,60,0,2,25.6,3,3,1,5,4,0,7.6
446,west,25,0.7646,44,0,2,32.0,2,4,5,5,2,1,6.1
447, northeast,10,1.389,66,1,2,12.6,2,2,1,1,3,1,5.0
448,SOUTH,27,0.7547,28,1,2,71.3,1,1,1,1,4,0,4.5
449,west,7,0.9296,29,0,2,18.1,2,1,1,1,4,1,7.2
450,Midwest ,28,1.0226,41,1,3,15.8,5,2,-99,2,4,0,5.4
451,Midwest ,20,0.9453,38,0,2,16.9,2,3,1,3,4,1,7.8
452,Midwest ,25,0.9361,23,0,2,62.9,-99,5,5,-99,4,0,8.4
453, northeast,15,1.3636,40,1,1,31.9,1,1,1,2,4,0,5.9
454,west,4,0.7477,40,0,3,30.3,1,4,1,3,4,0,5.9
455,west,26,0.644,35,0,4,42.1,4,2,5,3,4,1,6.7
456,Midwest ,28,1.2962,43,0,3,26.3,1,1,4,1,4,1,4.8
457,SOUTH,9,0.7579,49,1,3,18.7,4,4,3,2,4,1,7.8
458,SOUTH,8,0.6647,63,1,2,10.2,3,2,3,4,4,1,7.4
459,SOUTH,23,0.8861,41,1,2,30.3,3,1,3,4,3,0,7.4
460,SOUTH,30,0.6605,39,0,3,20.6,1,3,4,1,4,1,7.0
461,Midwest ,27,1.0368,75,1,4,42.8,5,5,5,5,4,1,5.5
462, northeast,19,1.2497,18,1,3,33.7,4,4,3,4,4,1,7.3
463, northeast,12,1.5285,18,0,2,52.9,1,1,3,1,4,0,6.7
464,SOUTH,8,0.899,33,0,2,36.1,1,2,-99,1,4,0,6.2
465,Midwest ,14,0.952,42,1,3,56.5,4,3,1,1,4,1,5.8
466,SOUTH,12,0.9808,61,0,4,22.9,1,4,4,3,4,0,7.4
467,SOUTH,20,0.8028,46,1,3,28.1,2,3,5,4,4,1,8.6
468,Midwest ,22,1.0236,67,1,3,36.9,5,5,5,4,4,0,7.4
469, northeast,1,1.0674,41,1,4,65.5,1,1,2,2,1,1,5.6
470,west,26,0.7348,38,1,4,20.9,3,1,1,3,4,0,6.5
471,west,9,0.6721,51,1,2,55.5,4,4,2,-99,4,1,3.7
472,SOUTH,7,0.9807,47,0,3,29.4,4,3,4,5,4,1,8.7
473,Midwest ,16,1.0893,39,0,4,40.9,4,5,4,3,4,1,6.4
474, northeast,1,1.4327,50,1,3,37.2,-99,1,4,4,4,1,5.5
475,Midwest ,18,1.3389,18,1,2,44.0,1,1,1,1,4,0,5.5
476, northeast,12,1.5653,42,0,2,28.9,1,1,3,3,4,0,4.0
477,SOUTH,30,0.6899,54,1,2,25.2,3,1,5,3,3,1,6.8
478, northeast,17,1.2121,48,1,3,30.2,5,5,5,5,4,0,8.1
479,west,25,0.9388,18,1,4,19.7,4,-99,2,2,4,0,6.1
480,SOUTH,28,0.7909,54,1,3,83.3,5,5,5,4,4,0,6.6
481, northeast,15,1.1359,36,0,3,20.1,5,3,1,3,4,0,5.7
482,SOUTH,1,0.72,61,0,3,50.5,5,3,5,4,4,1,7.5
483, northeast,1,0.8222,37,0,5,61.9,3,1,3,5,4,0,5.5
484,west,11,0.8687,64,0,3,49.4,4,5,4,4,4,1,8.4
485,SOUTH,17,0.9428,24,0,1,43.6,1,1,1,2,2,0,5.6
486,west,12,0.6379,53,0,2,48.4,5,4,5,5,4,0,6.2
487,west,7,1.0123,46,1,2,62.0,2,3,3,2,4,1,6.2
488,SOUTH,1,0.775,55,0,4,N/A,2,1,2,3,4,1,5.8
489, northeast,1,1.5915,44,0,2,47.8,1,3,3,3,3,1,5.7
490,SOUTH,16,0.678,REFUSED,0,4,42.0,2,1,2,1,4,1,5.4
491,west,8,0.8109,75,1,3,33.3,4,5,5,4,4,1,5.9
492,SOUTH,26,0.7953,61,0,3,48.3,1,1,1,-99,4,0,3.9
493,Midwest ,11,1.0081,41,0,2,37.8,3,4,4,5,4,1,6.5
494,west,4,0.7642,53,1,2,48.9,5,5,5,5,4,1,8.7
495,Midwest ,6,0.9398,40,0,2,31.6,3,4,2,5,4,1,7.2
496, northeast,5,1.1371,32,0,3,184.9,4,5,3,4,4,0,6.8
497,west,16,0.721,67,0,2,100.8,1,4,1,2,3,1,5.7
498, northeast,16,1.7182,74,1,3,62.1,5,1,5,4,4,1,4.6
499,west,6,0.8079,61,1,3,,5,5,4,5,4,1,8.0
500, northeast,28,1.1387,81,0,3,,1,1,1,1,1,0,6.7
501,west,1,0.8003,24,0,3,85.7,5,4,1,2,4,0,5.7
502,SOUTH,10,0.7428,33,0,4,14.4,2,3,5,3,4,1,5.2
503, northeast,4,1.0736,63,0,3,40.7,5,5,-99,5,4,1,5.6
504, northeast,18,1.5798,41,0,2,66.8,2,-99,3,1,4,0,8.1
505,Midwest ,15,0.9725,37,0,4,21.0,5,5,1,5,4,0,4.8
506,SOUTH,16,1.035,60,0,3,111.3,2,5,4,5,4,1,5.0
507,SOUTH,12,0.7641,40,0,3,14.3,3,3,3,2,4,1,4.7
508,SOUTH,2,0.8236,45,0,4,51.9,5,3,4,5,3,1,7.6
509,west,28,0.9486,18,0,2,9.9,1,3,2,1,3,0,4.9
510, northeast,17,1.721,46,1,4,44.1,1,1,1,1,4,1,5.5
511, northeast,17,1.5766,77,1,2,,2,3,2,2,4,1,4.5
512,west,30,0.7195,46,0,3,42.9,1,4,4,1,2,1,5.1
513,Midwest ,21,0.8996,58,0,2,50.9,5,3,5,5,4,1,8.3
514,Midwest ,5,1.1336,74,0,2,22.2,2,3,3,4,3,0,6.5
515,Midwest ,14,1.328,41,0,4,47.8,2,3,3,3,4,1,6.7
516,west,10,0.7202,26,1,4,38.3,3,4,2,3,4,0,6.6
517,SOUTH,13,0.8909,64,0,2,11.4,3,4,2,5,4,1,6.5
518,Midwest ,11,1.2353,48,0,4,14.4,4,2,2,2,4,1,6.7
519,SOUTH,13,0.572,53,0,3,14.9,4,5,4,-99,4,1,5.9
520,Midwest ,11,1.2173,42,0,3,93.4,3,5,3,4,4,0,7.8
521,west,30,0.7417,42,1,4,26.4,3,2,3,3,4,1,5.4
522,Midwest ,24,1.3774,56,0,3,N/A,2,2,3,2,4,1,4.7
523,SOUTH,14,0.9202,44,0,2,21.8,2,1,1,3,3,1,6.5
524, northeast,28,1.3037,44,1,4,15.7,2,1,1,1,3,1,4.7
525,Midwest ,22,1.1979,18,0,3,33.0,4,2,2,4,4,1,5.9
526,SOUTH,4,0.6863,35,0,3,49.6,5,5,5,5,4,0,4.1
527,SOUTH,2,0.9048,33,0,3,N/A,5,5,5,5,4,0,8.3
528,Midwest ,6,0.9673,56,1,2,19.7,1,2,1,1,3,1,5.9
529, northeast,30,1.4959,49,1,4,24.6,1,1,1,1,3,1,6.2
530, northeast,30,1.2143,60,0,2,21.3,5,3,5,2,4,0,5.9
531, northeast,29,1.1683,36,1,3,50.5,5,1,5,4,4,0,7.8
532,SOUTH,3,1.0224,61,0,2,107.0,3,1,1,5,2,0,7.7
533,Midwest ,9,1.2375,51,0,2,50.1,4,4,3,5,4,0,5.5
534,Midwest ,30,0.9499,44,0,4,27.4,1,1,2,1,3,1,4.4
535,west,19,0.7211,60,0,3,19.1,1,4,2,5,4,1,5.4
536,SOUTH,10,0.6659,38,1,2,15.7,5,2,1,1,4,0,4.8
537,Midwest ,12,1.0346,68,1,1,29.7,1,3,2,2,2,1,4.6
538, northeast,9,1.3629,18,1,3,28.3,2,1,1,-99,4,0,5.8
539,SOUTH,15,0.8955,66,1,3,22.2,2,-99,2,2,3,1,4.7
540,west,17,0.6422,57,1,1,49.4,3,4,5,5,4,0,5.1
541, northeast,30,1.2334,18,0,1,43.2,1,1,4,4,4,0,8.1
542,SOUTH,8,0.7734,20,1,4,41.0,2,1,2,1,4,0,7.0
543,SOUTH,2,0.9002,68,0,4,,1,2,1,1,2,0,3.9
544, northeast,18,1.1053,57,1,3,66.8,2,2,1,1,4,1,3.3
545, northeast,15,1.6057,60,1,2,50.2,1,1,1,3,4,0,3.9
546,Midwest ,6,1.0337,84,0,5,N/A,5,5,5,5,4,1,7.2
547,SOUTH,6,1.4123,28,0,2,48.3,2,1,3,2,4,0,7.3
548, northeast,4,1.6199,61,0,4,31.4,2,5,1,1,4,1,3.5
549,SOUTH,22,0.7975,41,0,2,23.0,4,1,4,3,4,0,5.8
550,Midwest ,1,1.2067,33,1,4,39.5,1,3,3,4,2,0,6.4
551,west,22,0.779,71,1,2,33.0,2,1,3,1,3,1,4.1
552,SOUTH,14,0.9192,56,0,3,18.9,4,2,1,4,4,1,5.9
553,Midwest ,20,0.9587,18,0,3,81.8,5,4,5,1,4,0,5.3
554,Midwest ,19,1.2807,64,1,3,18.9,1,1,1,1,4,1,7.3
555,SOUTH,25,1.0969,47,0,3,38.6,3,3,1,2,4,1,4.4
556,Midwest ,10,1.1674,68,0,4,23.9,4,5,5,3,4,1,10.0
557,Midwest ,8,1.2371,47,1,2,41.0,-99,4,5,5,4,1,6.3
558, northeast,1,1.4068,48,1,2,74.3,4,5,4,4,4,1,6.1
559,west,6,0.7425,18,1,2,14.7,4,3,5,2,4,0,7.2
560,west,19,0.8215,25,1,2,16.4,4,-99,2,5,4,0,7.2
561, northeast,21,1.5452,49,1,2,25.2,2,1,1,1,3,1,5.4
562,Midwest ,23,1.1891,49,0,5,30.2,4,5,5,5,4,1,7.4
563, northeast,6,1.2217,54,1,3,19.0,1,1,2,2,2,1,3.2
564, northeast,28,1.1393,42,1,3,116.3,2,4,3,5,4,0,8.0
565, northeast,24,1.7652,75,1,3,33.3,4,3,5,3,4,1,4.9
566, northeast,3,1.6974,50,0,3,27.4,-99,4,3,2,4,0,5.1
567,Midwest ,19,1.3137,18,0,3,52.3,4,4,5,4,4,1,4.3
568,Midwest ,24,0.9774,59,1,2,60.1,-99,1,1,1,3,0,6.1
569,west,30,0.7505,38,1,2,13.4,3,5,2,2,4,0,3.7
570, northeast,3,1.4623,40,0,3,62.5,2,3,3,2,4,1,5.8
571, northeast,4,1.4761,45,1,4,51.1,4,4,5,3,4,1,6.3
572, northeast,1,1.4361,64,1,3,75.1,1,1,1,1,4,1,4.9
573,SOUTH,23,0.9412,36,0,3,31.8,5,3,1,1,4,1,5.1
574, northeast,30,1.4052,47,1,3,27.3,1,1,3,4,2,1,6.1
575,west,17,0.6925,29,0,4,20.9,2,2,2,1,3,0,7.0
576,Midwest ,21,1.1258,28,1,4,38.7,4,5,4,3,4,1,4.1
577,SOUTH,9,0.7589,38,0,4,29.2,1,1,1,1,4,0,2.9
578, northeast,14,1.3676,47,1,3,37.1,1,2,4,1,4,1,3.9
579,Midwest ,23,1.0428,70,0,4,84.5,4,5,5,5,4,1,7.2
580,SOUTH,20,0.8147,18,0,1,28.9,5,5,5,5,4,0,7.0
581,SOUTH,2,0.7639,57,0,5,40.5,-99,5,4,5,4,0,6.5
582, northeast,18,1.579,52,1,2,58.3,5,3,-99,5,4,1,6.1
583,west,19,0.7248,54,1,1,30.7,1,2,2,2,3,0,5.9
584,west,3,0.742,27,1,1,32.3,5,3,4,5,4,1,6.6
585,west,28,0.8492,45,0,3,19.7,1,1,1,1,2,0,4.0
586,Midwest ,6,1.0143,REFUSED,1,3,50.2,2,3,4,5,4,1,7.6
587,west,26,0.7818,70,1,1,101.4,1,4,4,4,4,0,9.7
588,SOUTH,26,0.9052,28,0,3,37.6,4,5,5,2,4,1,5.9
589,SOUTH,16,0.7843,59,1,2,36.7,1,2,1,1,3,0,6.4
590,SOUTH,10,0.9498,42,0,1,17.7,1,4,2,4,3,0,6.7
591,west,15,0.7107,46,1,3,31.6,3,4,2,5,4,0,6.0
592,Midwest ,16,0.8716,60,0,1,25.3,5,5,4,5,4,0,5.1
593, northeast,12,1.3937,48,1,4,20.4,4,4,4,5,4,0,6.0
594, northeast,11,1.5828,72,0,2,65.2,5,4,5,5,4,1,7.1
595, northeast,11,1.6246,64,1,3,35.4,5,2,5,5,4,1,7.1
596,west,29,0.8825,42,1,2,27.2,4,1,4,1,4,1,4.8
597,Midwest ,13,1.174,19,0,1,21.5,1,1,2,2,2,0,5.9
598,west,6,0.6365,38,1,3,78.6,1,2,1,1,3,0,5.8
599,Midwest ,19,1.2876,65,0,3,27.1,1,1,2,3,2,1,5.7
600,west,7,0.6288,54,0,4,27.3,-99,1,2,3,4,1,4.9
601,west,11,0.7666,18,0,4,18.6,5,4,2,4,4,0,7.5
602,SOUTH,2,0.9321,83,1,2,39.3,-99,1,1,1,2,1,6.4
603,SOUTH,23,0.6786,33,0,2,37.2,5,4,4,-99,4,0,7.1
604,SOUTH,6,0.6788,56,0,3,70.7,5,4,5,3,4,1,7.3
605,west,26,0.7795,34,1,2,44.2,2,3,1,3,2,1,7.7
606,west,6,0.5651,54,1,3,37.6,3,2,-99,3,4,1,6.8
607,Midwest ,22,1.2494,36,0,4,95.9,2,1,1,2,4,1,4.1
608, northeast,13,1.3154,33,0,4,37.8,5,5,5,5,4,1,8.5
609, northeast,19,1.0473,51,1,3,35.8,4,5,4,5,3,0,5.2
610,west,3,0.7425,54,0,2,N/A,4,5,5,3,4,0,7.8
611,west,19,0.6924,39,0,2,48.8,5,5,3,3,4,1,6.1
612,SOUTH,29,0.8725,37,0,3,46.9,1,3,1,2,4,0,4.6
613,Midwest ,22,1.0238,18,0,3,24.6,2,4,1,4,3,1,7.9
614, northeast,29,1.4154,62,1,3,40.0,1,3,2,3,4,1,6.5
615,Midwest ,24,1.0746,52,0,3,31.9,4,5,4,3,4,1,6.6
616,SOUTH,19,0.7342,48,0,3,67.3,4,3,2,5,4,0,4.7
617,west,28,0.7718,30,1,3,62.4,5,5,5,5,4,1,7.8
618, northeast,14,1.2804,47,1,3,26.3,4,3,5,4,4,0,8.5
619, northeast,28,1.3809,43,1,3,74.5,2,5,5,5,4,1,7.5
620,Midwest ,19,1.2078,32,1,2,41.2,2,3,3,5,4,0,6.2
621,west,28,1.0586,68,1,4,31.0,5,5,5,5,4,1,7.8
622,Midwest ,27,1.3482,54,0,3,39.7,3,5,3,4,4,1,6.7
623,Midwest ,25,1.1855,45,0,4,21.8,5,5,3,5,2,1,6.4
624,SOUTH,22,1.0607,67,1,2,50.5,1,2,2,2,3,1,4.1
625,Midwest ,27,1.3261,73,0,4,28.9,-99,2,2,5,4,1,8.5
626,Midwest ,22,0.8904,65,1,2,34.4,5,3,3,4,4,1,7.8
627,SOUTH,30,0.9116,79,0,4,18.3,5,5,2,5,4,1,8.1
628,SOUTH,11,0.9764,61,0,3,37.5,4,5,2,5,4,1,6.7
629, northeast,18,1.3599,63,0,2,60.4,1,3,2,1,4,1,5.6
630,SOUTH,26,0.6351,48,1,4,25.7,3,3,4,4,4,1,7.6
631,SOUTH,2,0.9569,REFUSED,1,2,N/A,5,5,4,5,4,0,6.2
632,west,22,0.7775,63,1,2,N/A,1,5,4,1,4,1,5.7
633,SOUTH,23,0.8297,45,0,5,42.9,4,4,3,1,4,1,6.8
634,SOUTH,29,1.0508,68,0,4,17.5,1,3,3,1,4,1,4.1
635,west,11,0.8921,REFUSED,1,3,76.9,4,3,3,2,4,1,6.3
636,west,4,0.7717,29,0,2,48.7,3,2,1,3,4,1,7.7
637,west,28,0.8997,49,1,3,30.3,5,4,5,5,4,1,8.9
638,west,16,0.7628,45,1,1,52.0,1,2,2,1,3,0,5.2
639,SOUTH,12,0.8914,33,1,2,35.6,1,2,4,2,3,1,7.5
640,west,27,0.8628,34,0,4,23.0,5,1,5,2,4,0,4.4
641,west,3,0.6473,36,1,3,55.2,5,3,3,5,4,1,6.3
642, northeast,26,1.2984,REFUSED,1,2,15.0,4,4,5,4,4,1,5.7
643,west,11,0.9773,39,1,2,29.2,5,2,5,1,4,1,7.3
644, northeast,9,1.3183,51,0,3,65.2,3,5,3,3,4,0,6.4
645,SOUTH,30,0.9397,18,0,3,55.5,1,3,3,1,3,0,7.5
646, northeast,14,1.3833,45,0,4,39.7,2,3,4,5,4,1,8.7
647, northeast,8,1.1599,REFUSED,1,2,16.3,2,3,1,1,2,0,5.0
648,Midwest ,30,1.1123,REFUSED,0,4,34.6,3,4,5,4,4,1,8.3
649, northeast,25,1.1342,34,0,3,46.4,4,2,2,2,4,0,4.3
650, northeast,21,1.6357,18,1,2,47.8,-99,5,3,5,4,1,8.0
651,Midwest ,22,1.1842,48,1,4,18.1,1,3,2,4,1,1,7.0
652,west,13,0.7844,52,0,3,17.9,-99,2,1,1,4,0,7.0
653, northeast,21,1.0328,30,0,4,22.7,3,3,1,4,4,1,7.6
654,west,24,0.5629,43,1,2,55.2,3,3,5,3,4,0,6.7
655,west,1,0.7795,18,1,1,42.3,3,5,5,4,4,0,4.8
656,west,12,0.8522,66,0,3,10.4,5,3,1,5,4,1,6.6
657,west,11,0.7126,50,0,3,61.8,1,2,1,1,4,0,5.5
658,SOUTH,5,0.8605,33,1,3,47.6,2,1,3,3,4,0,4.6
659, northeast,21,1.2794,38,0,1,32.2,2,5,2,1,4,1,5.7
660, northeast,20,1.7445,39,0,3,32.2,1,3,1,-99,2,1,8.5
661,Midwest ,25,1.2954,66,1,4,30.4,2,3,5,5,4,1,4.4
662, northeast,3,1.4633,41,1,1,23.9,1,3,4,5,4,1,6.0
663,west,11,0.7464,47,0,3,23.6,5,3,5,4,4,0,7.9
664, northeast,10,1.4927,34,0,1,44.5,5,4,5,4,4,1,5.4
665,west,6,0.7423,58,1,3,15.5,4,3,5,5,4,1,6.0
666,Midwest ,15,0.8331,45,1,1,20.0,1,2,1,3,1,0,5.3
667, northeast,16,1.3102,72,0,3,13.2,3,4,4,4,4,1,4.3
668,west,13,0.9714,44,0,2,53.3,3,2,2,5,4,1,6.5
669,SOUTH,2,0.8981,41,0,4,13.9,3,1,1,2,3,1,8.0
670,Midwest ,23,1.2225,21,1,2,60.2,5,1,5,5,4,0,8.0
671,Midwest ,24,1.2393,50,0,4,66.4,3,4,4,1,4,0,4.3
672,west,8,1.0193,REFUSED,0,3,49.8,5,4,3,3,4,1,4.0
673,Midwest ,11,0.9865,18,1,3,29.2,1,1,1,1,4,0,5.8
674,SOUTH,2,0.9655,31,0,3,66.3,5,4,5,5,4,1,7.4
675, northeast,26,1.1427,66,0,3,7.1,5,4,2,3,4,1,5.8
676,SOUTH,8,0.8375,18,1,4,16.3,5,4,3,1,4,0,4.3
677,Midwest ,28,0.8007,59,0,3,13.0,4,5,3,2,4,1,4.0
678,west,2,0.6218,59,0,3,63.0,2,1,-99,4,4,1,6.3
679, northeast,22,1.1343,75,0,2,77.2,5,4,3,3,4,1,7.2
680,Midwest ,28,0.9342,53,1,3,21.2,2,2,2,5,3,0,7.9
681, northeast,13,1.2019,34,1,4,29.3,1,2,5,4,4,1,9.7
682,SOUTH,2,0.8953,33,0,5,54.9,2,2,4,1,4,0,5.8
683,west,8,0.6173,22,0,2,30.3,-99,3,5,2,4,0,7.1
684, northeast,14,1.5096,48,0,3,15.2,2,4,4,1,4,1,5.6
685, northeast,30,1.4819,67,1,3,22.4,5,4,5,4,4,1,4.5
686,SOUTH,7,0.9309,71,0,4,42.5,1,1,1,1,2,1,5.7
687,west,5,0.8061,27,1,2,30.9,3,5,4,4,4,0,4.2
688,Midwest ,7,1.0752,29,0,2,31.4,1,4,4,5,3,1,10.0
689, northeast,20,1.4297,52,1,2,14.2,1,3,4,1,3,0,6.5
690,west,20,0.6507,66,1,1,57.5,5,4,2,3,4,1,5.3
691,SOUTH,20,0.7396,57,0,1,23.7,4,2,2,3,4,1,6.6
692,west,12,0.7246,37,0,2,N/A,3,4,1,2,4,1,5.7
693,SOUTH,21,0.8229,33,1,2,71.5,2,4,5,4,2,1,5.5
694, northeast,10,1.0774,73,0,2,39.2,1,2,2,3,4,1,4.4
695, northeast,30,1.0754,30,1,2,11.8,1,1,1,1,3,1,5.3
696, northeast,5,1.3106,43,1,4,36.3,3,2,2,5,4,1,7.2
697, northeast,26,1.17,68,0,3,39.1,4,5,5,4,4,1,8.8
698, northeast,16,1.2913,55,0,2,80.8,4,-99,1,1,4,1,5.7
699,SOUTH,20,1.0115,58,1,1,4.5,2,2,4,3,4,1,7.1
700,Midwest ,6,1.0991,23,1,2,79.5,1,3,2,-99,3,0,6.9
701,Midwest ,11,1.1449,42,0,3,20.4,2,1,4,2,4,1,4.5
702,west,17,0.8959,59,1,3,8.4,5,-99,5,5,4,1,8.1
703,Midwest ,28,1.2251,28,0,1,76.8,5,5,2,5,4,0,8.2
704,Midwest ,28,1.0803,42,1,2,66.8,1,4,1,1,3,0,5.2
705, northeast,1,1.3558,60,1,4,25.2,1,4,5,5,3,1,7.5
706, northeast,24,1.3782,58,0,2,54.7,5,-99,5,4,4,1,5.2
707, northeast,1,1.6372,42,1,1,17.5,1,-99,1,1,4,0,5.5
708, northeast,14,1.0988,36,0,3,16.6,5,3,3,3,4,1,8.4
709,west,27,0.7211,REFUSED,1,2,72.9,4,3,4,4,4,1,6.1
710,west,7,0.6483,28,1,3,80.0,4,4,2,5,4,1,8.2
711, northeast,9,1.5718,57,1,2,43.7,1,1,5,3,2,0,7.7
712, northeast,3,1.2494,56,1,2,31.9,4,5,1,1,4,0,4.0
713,west,19,0.7027,54,0,4,50.0,3,3,3,2,4,1,4.0
714,west,20,0.6596,39,1,3,11.9,5,5,5,4,4,0,5.2
715,Midwest ,20,1.0421,23,1,3,37.3,1,1,1,2,4,1,5.4
716, northeast,22,1.6648,43,0,4,36.5,5,3,5,4,4,0,7.4
717,SOUTH,12,0.8797,32,1,3,65.3,5,2,5,2,4,0,5.7
718,SOUTH,13,0.9986,75,1,1,10.8,5,1,4,4,4,1,6.3
719,Midwest ,20,1.1228,39,0,2,22.2,3,1,4,3,4,0,5.8
720,west,19,0.5287,59,0,4,46.2,-99,4,3,5,4,1,7.4
721,Midwest ,1,0.9144,90,0,2,27.7,3,-99,1,3,4,1,6.1
722,SOUTH,25,0.7738,60,0,3,71.8,1,1,5,5,3,1,7.2
723, northeast,24,1.5949,52,1,2,12.6,4,2,1,2,4,0,4.9
724, northeast,11,1.356,54,1,2,35.7,1,-99,2,3,3,1,5.2
725, northeast,29,1.3882,35,0,3,65.7,5,5,4,-99,4,1,7.2
726,west,2,0.5358,25,0,3,45.1,5,4,3,5,4,1,5.5
727,Midwest ,24,1.0539,64,1,3,72.7,2,1,1,1,3,1,5.3
728,west,9,0.6168,43,0,1,21.6,5,5,5,5,4,0,6.7
729,Midwest ,17,1.3272,70,0,2,28.0,5,5,5,5,4,1,7.1
730,west,29,0.7665,60,1,4,38.1,4,2,4,2,4,1,6.4
731,SOUTH,25,0.8453,49,1,3,31.6,4,5,5,5,4,0,7.8
732,SOUTH,22,0.9012,31,1,4,174.8,4,5,5,3,4,0,7.6
733,Midwest ,28,1.3771,50,1,4,25.1,4,4,4,4,4,1,5.9
734,SOUTH,7,0.5671,48,0,2,49.1,3,3,3,3,3,0,3.3
735,west,21,0.7589,57,1,4,69.9,1,2,3,1,4,1,7.7
736,Midwest ,4,1.0434,61,0,3,70.1,5,4,3,3,4,0,7.1
737,west,18,0.6042,69,0,2,40.8,1,3,3,2,2,0,6.5
738, northeast,13,1.2471,49,1,2,20.2,1,2,1,3,4,0,7.8
739,Midwest ,21,1.1276,39,1,3,30.0,1,1,3,3,2,0,5.8
740,west,2,0.7679,66,0,3,48.3,3,5,5,5,4,1,5.4
741,Midwest ,26,0.9645,33,0,3,56.6,3,4,1,4,4,0,7.8
742,SOUTH,28,0.8196,45,0,3,34.2,4,5,3,4,4,0,7.0
743,SOUTH,7,0.6901,60,1,4,36.3,3,1,2,1,4,1,5.0
744,west,22,0.5752,34,1,2,53.3,3,2,1,1,4,1,7.0
745,west,8,0.8807,69,0,3,5.8,5,3,4,5,4,1,6.4
746,west,17,0.7733,20,0,3,23.8,1,2,2,1,3,0,6.8
747, northeast,8,1.5954,38,1,2,29.9,3,5,4,5,4,1,4.6
748,west,13,0.709,55,1,4,18.2,5,5,5,5,4,1,7.6
749,SOUTH,22,0.8745,38,0,3,39.1,5,4,5,5,4,1,7.6
750,Midwest ,25,0.9461,25,0,2,42.5,2,5,3,2,4,0,7.3
751, northeast,10,1.2973,78,1,3,56.1,4,3,4,4,4,1,8.3
752,SOUTH,7,0.8768,18,0,1,30.6,2,-99,3,3,3,0,8.2
753,SOUTH,21,0.8851,71,0,3,23.1,1,4,2,1,4,0,5.0
754,Midwest ,19,1.2682,67,1,2,12.4,4,1,4,5,4,0,8.3
755,SOUTH,9,0.7628,49,1,3,36.5,3,5,5,2,4,0,6.4
756,west,10,0.5794,57,1,3,59.0,2,4,-99,1,4,1,4.0
757, northeast,19,1.0998,53,1,4,19.0,2,5,2,3,3,1,6.8
758,SOUTH,26,0.8153,47,0,1,19.3,2,-99,5,5,4,0,8.4
759,Midwest ,13,1.0584,26,1,2,75.9,2,2,4,2,4,0,4.6
760,Midwest ,14,1.1383,41,1,1,39.9,2,4,4,3,4,1,6.5
761,Midwest ,2,1.0702,38,0,3,39.9,5,5,-99,5,4,0,7.2
762,Midwest ,11,1.1473,40,0,3,28.5,5,5,2,3,4,0,6.0
763,SOUTH,28,0.7426,54,1,4,45.1,4,2,1,1,4,1,3.2
764,west,29,0.5553,34,0,3,29.5,5,5,5,4,4,1,7.2
765,Midwest ,15,1.244,59,0,3,19.2,1,1,1,1,2,1,4.8
766,Midwest ,2,1.3276,36,1,2,19.7,5,5,5,3,4,0,6.5
767, northeast,22,1.3694,43,0,4,20.9,-99,2,4,5,4,0,8.4
768,Midwest ,6,0.8557,50,1,4,41.1,5,5,5,5,4,1,8.2
769,west,25,0.7897,34,0,2,69.1,2,1,1,4,1,0,7.7
770,west,25,0.7492,26,0,2,58.8,1,2,1,4,3,0,6.3
771, northeast,28,1.2131,REFUSED,0,5,33.6,1,3,1,1,3,1,6.4
772,Midwest ,5,0.8572,49,1,3,31.6,5,5,-99,5,4,0,8.1
773,west,16,0.5933,24,1,3,25.5,1,1,1,4,2,0,7.0
774,west,16,0.6643,29,1,4,48.7,5,5,3,4,4,1,7.3
775, northeast,19,1.1984,55,1,3,72.3,3,3,2,1,3,1,6.3
776, northeast,15,1.2351,23,0,3,37.0,2,2,4,5,4,0,8.4
777,west,20,0.7834,53,0,4,36.9,3,5,5,5,4,1,8.1
778,SOUTH,14,0.7717,35,0,2,22.7,1,1,1,1,2,0,5.4
779,Midwest ,20,0.9561,44,0,2,12.3,3,2,1,2,4,1,7.8
780,west,16,0.5295,44,0,2,12.8,1,1,1,1,1,1,4.8
781, northeast,28,1.2277,30,0,3,9.5,5,2,-99,3,4,1,8.0
782,SOUTH,4,0.7893,41,1,1,5.1,5,5,5,4,4,0,7.0
783,SOUTH,23,0.9024,56,1,3,31.1,5,5,4,5,4,1,7.5
784,west,10,0.9373,47,1,3,63.5,5,5,5,5,4,1,6.5
785,SOUTH,5,0.5625,18,0,2,22.0,4,2,5,4,4,0,7.8
786,west,2,0.7409,43,1,4,16.7,2,1,1,1,4,0,4.6
787,SOUTH,14,0.8847,60,1,2,32.3,2,2,2,3,4,0,6.9
788,Midwest ,13,1.0971,34,1,4,60.7,1,1,-99,3,3,1,6.0
789,west,28,0.9311,18,1,2,57.3,1,1,1,1,4,0,4.7
790,west,3,0.9418,18,0,3,38.1,5,4,5,5,4,0,7.8
791, northeast,9,1.1262,56,0,4,54.8,2,3,5,3,4,1,5.4
792,Midwest ,30,1.0108,53,0,3,104.5,5,5,3,5,4,1,7.6
793, northeast,24,1.2765,59,1,3,15.5,1,3,2,5,4,0,4.7
794,Midwest ,14,0.9642,75,0,2,20.5,2,5,5,5,4,1,6.7
795,Midwest ,26,1.0777,58,1,3,20.4,5,5,5,2,4,1,4.6
796,Midwest ,4,1.1054,47,0,3,21.0,4,1,3,4,4,0,9.0
797,SOUTH,17,0.9129,35,0,2,50.2,2,3,3,1,2,0,3.3
798,Midwest ,22,1.3163,48,0,3,32.2,1,-99,1,1,3,1,5.5
799,SOUTH,17,0.8518,36,1,4,27.8,1,1,1,2,4,1,6.3
800,west,12,0.7631,REFUSED,1,2,58.8,4,5,4,5,4,0,8.4
801,west,3,0.8026,75,0,3,57.1,5,5,5,5,4,0,6.5
802, northeast,27,1.3271,57,0,4,13.3,5,5,4,4,4,1,6.7
803, northeast,25,1.443,48,0,5,33.8,2,5,3,3,4,1,6.0
804, northeast,25,1.2,53,1,3,18.3,1,1,1,-99,2,1,6.5
805, northeast,28,1.4345,28,0,3,34.6,3,2,4,4,4,1,6.6
806, northeast,15,1.2781,34,1,3,29.5,2,2,4,4,4,1,6.4
807, northeast,14,1.2568,72,0,1,11.2,1,2,2,1,3,1,6.1
808,west,18,0.8612,50,1,3,68.2,3,4,4,2,4,1,6.2
809, northeast,6,1.332,REFUSED,0,2,23.7,1,1,1,4,3,1,4.2
810,SOUTH,19,0.9313,70,0,1,17.9,-99,1,2,1,3,1,4.6
811,SOUTH,3,0.8224,37,1,4,13.9,4,5,5,5,4,1,6.1
812,west,30,0.7169,32,0,1,36.2,3,1,1,1,4,0,5.0
813,west,21,0.8675,39,1,2,40.3,3,3,3,5,4,0,7.0
814,west,6,0.6682,58,1,2,15.1,1,1,1,1,3,1,5.7
815, northeast,6,1.3046,59,0,3,29.2,5,-99,2,4,4,1,7.2
816,Midwest ,25,0.9724,42,0,3,91.7,4,3,2,1,4,1,6.8
817, northeast,23,1.5682,39,1,2,72.3,4,5,5,5,4,1,7.4
818,Midwest ,1,0.8425,29,1,4,30.6,1,1,1,1,4,1,8.2
819, northeast,12,1.1588,60,0,2,30.8,1,2,1,3,2,1,5.2
820,west,16,0.7129,40,0,3,26.0,1,4,5,1,4,0,6.2
821, northeast,3,1.5342,41,0,3,23.3,5,5,1,2,4,0,6.9
822, northeast,24,1.7916,24,0,3,21.8,1,1,4,5,2,0,6.9
823, northeast,15,1.568,58,1,5,43.0,5,5,4,5,4,1,7.8
824,SOUTH,20,0.8429,44,0,3,17.8,5,-99,1,4,4,1,6.6
825, northeast,12,1.3374,40,1,2,44.7,5,5,2,5,4,0,7.4
826, northeast,4,1.4159,48,0,3,139.7,3,4,5,5,4,1,6.7
827,SOUTH,30,0.8772,61,0,3,27.3,1,2,1,3,2,1,5.3
828,west,7,0.6726,18,1,3,31.6,3,2,4,4,4,0,6.0
829,Midwest ,23,1.242,56,0,3,28.2,5,4,3,4,4,1,6.6
830,SOUTH,13,0.8888,72,1,2,25.0,3,5,4,3,4,1,7.0
831, northeast,3,0.8225,28,1,2,41.5,5,4,5,4,4,0,7.5
832,west,22,0.9011,45,1,1,21.2,5,5,5,4,4,0,7.2
833,Midwest ,11,0.9377,53,1,4,29.9,2,1,1,2,3,1,4.9
834,west,30,0.6912,38,1,1,20.6,1,1,1,1,4,0,5.5
835,west,24,0.6626,57,1,3,18.1,4,3,4,2,4,0,5.4
836,SOUTH,15,0.6485,58,1,3,16.9,3,4,4,4,4,1,7.1
837,west,14,0.7529,20,0,1,24.7,3,5,4,2,4,0,5.3
838,SOUTH,21,0.8651,48,0,2,52.3,-99,3,3,1,4,0,5.9
839,Midwest ,2,1.004,76,1,2,15.4,4,5,5,2,4,1,3.9
840,SOUTH,6,1.0039,34,1,1,14.2,3,5,2,5,4,0,7.4
841,west,1,0.654,44,1,3,20.5,3,1,3,4,4,1,8.3
842,west,10,1.0173,40,1,3,13.0,1,1,1,1,3,0,6.1
843,SOUTH,5,0.7279,57,0,4,34.7,5,1,3,4,4,1,6.4
844,Midwest ,16,1.0808,34,1,3,40.7,2,2,4,2,4,0,2.6
845,SOUTH,25,0.7096,44,1,2,26.5,5,4,5,4,4,0,5.0
846,SOUTH,6,0.7535,47,0,2,17.5,4,2,5,3,4,0,4.6
847,west,21,0.7044,47,0,2,11.1,2,3,4,4,3,0,6.3
848,Midwest ,13,1.1514,56,0,4,19.8,3,2,3,5,4,0,6.2
849,SOUTH,17,0.824,25,0,4,28.1,3,1,1,2,4,0,6.5
850, northeast,7,1.5047,30,1,1,33.7,2,3,1,-99,3,1,6.0
851,SOUTH,1,0.9559,24,0,2,84.9,5,3,5,-99,4,0,10.0
852,west,18,0.6243,47,1,4,22.5,-99,2,1,2,4,1,5.2
853,west,2,0.7142,32,0,2,23.5,3,3,2,3,4,0,7.8
854, northeast,5,0.7769,56,1,4,32.5,5,-99,5,3,4,1,7.9
855,west,15,0.7969,30,0,2,33.9,4,5,5,4,4,1,7.0
856,SOUTH,28,0.6561,90,0,3,122.8,5,4,4,4,4,1,7.9
857,Midwest ,4,0.903,37,0,1,47.9,4,5,5,3,4,0,6.6
858,Midwest ,8,1.1883,38,0,3,48.6,4,4,5,3,4,1,8.3
859,Midwest ,15,1.3141,19,0,3,90.7,4,3,2,5,4,0,5.2
860, northeast,9,1.3117,18,1,2,26.5,2,1,3,1,4,1,4.3
861,west,29,0.8467,63,0,4,59.0,-99,1,2,3,2,1,5.4
862, northeast,26,1.4408,26,0,3,25.7,5,3,5,5,4,1,7.5
863,west,23,0.7959,40,0,4,,3,4,3,5,4,1,7.2
864,SOUTH,29,0.7963,29,0,2,130.8,5,5,5,5,4,0,6.8
865,west,24,0.6884,48,0,3,80.5,2,4,2,2,3,1,5.0
866,west,8,0.9147,REFUSED,1,2,35.6,2,1,2,2,3,0,6.3
867, northeast,6,1.6785,62,1,4,N/A,3,2,2,-99,4,1,5.3
868, northeast,16,1.3072,REFUSED,1,2,24.9,1,1,-99,4,4,1,7.4
869,Midwest ,23,1.0969,27,1,5,42.0,5,1,1,4,4,0,6.8
870, northeast,2,1.3934,50,1,4,14.7,1,1,1,1,3,0,6.1
871,Midwest ,20,0.9353,47,1,3,18.9,3,1,1,4,2,0,6.3
872,west,28,0.7468,46,1,3,15.6,5,5,5,5,4,1,5.3
873,Midwest ,4,0.9629,78,0,3,26.8,5,1,4,1,4,1,5.4
874, northeast,15,1.146,38,1,4,63.3,5,5,5,3,4,1,6.6
875,SOUTH,28,0.8811,83,1,3,51.2,4,1,1,1,4,1,6.6
876, northeast,16,1.1253,31,0,3,22.1,4,5,5,5,4,1,6.4
877,SOUTH,19,0.5939,33,0,3,30.3,2,3,1,5,3,1,5.3
878,west,17,0.6586,43,1,2,145.4,1,1,1,1,3,0,6.9
879, northeast,23,1.2152,74,1,1,32.6,1,1,2,1,2,0,4.9
880, northeast,17,1.3479,54,0,1,31.9,2,2,5,4,4,0,5.8
881, northeast,6,1.3596,35,0,2,24.8,5,5,5,5,4,0,7.6
882,Midwest ,1,1.2818,59,1,4,19.6,2,-99,2,2,3,1,6.1
883,west,20,0.8256,71,1,3,47.7,1,5,2,3,4,1,5.8
884,SOUTH,2,0.7317,37,1,2,43.7,3,3,3,2,3,1,4.6
885, northeast,22,1.0937,60,0,3,33.0,5,5,5,5,4,1,7.8
886,Midwest ,24,1.1401,46,1,3,21.8,5,-99,3,5,4,1,6.3
887,Midwest ,30,1.2293,63,0,2,27.8,4,-99,3,4,4,1,6.7
888,Midwest ,5,1.1866,72,0,4,38.8,3,1,4,5,4,1,7.4
889,SOUTH,5,0.8583,58,1,4,32.0,3,1,1,1,3,1,5.8
890,west,17,0.897,54,0,5,42.0,1,1,1,1,4,1,5.4
891,Midwest ,15,1.1887,49,1,1,29.4,5,5,4,4,4,1,9.1
892,SOUTH,8,0.9666,56,0,5,39.6,2,1,1,2,4,1,5.8
893,SOUTH,23,0.9934,62,1,5,50.5,1,2,2,1,2,0,6.2
894, northeast,19,1.4106,59,0,1,56.6,1,1,1,1,3,0,5.0
895, northeast,12,1.3694,REFUSED,0,4,28.6,4,5,2,4,4,0,8.9
896,west,11,0.8397,58,0,2,40.0,3,1,5,3,4,1,6.3
897,SOUTH,5,0.7907,74,0,1,26.0,2,4,5,1,4,1,7.0
898,Midwest ,21,1.2459,54,1,1,29.0,1,1,1,1,2,0,4.1
899, northeast,20,1.4617,50,1,3,46.3,5,5,5,5,4,1,9.5
900,SOUTH,22,1.0006,50,0,5,N/A,3,4,3,3,4,1,6.7
901, northeast,23,1.933,21,0,2,73.9,1,2,4,5,4,0,8.8
902,west,20,0.8339,71,1,4,54.2,1,1,3,3,2,1,4.9
903,Midwest ,15,1.0176,45,0,3,8.8,2,4,2,1,3,1,3.4
904, northeast,11,1.4875,61,0,3,36.8,5,1,1,1,4,1,6.5
905,west,24,0.7822,49,0,3,33.2,2,1,2,3,4,0,7.4
906, northeast,5,1.4532,28,1,2,26.3,1,1,-99,1,3,1,3.9
907,SOUTH,21,0.8912,18,0,3,17.9,2,3,4,5,4,0,7.2
908, northeast,10,1.2112,26,0,3,42.2,4,5,5,2,4,1,7.1
909,Midwest ,4,1.1031,42,1,4,50.6,4,3,2,2,4,1,7.9
910, northeast,2,1.3902,52,1,3,45.8,3,1,2,4,3,1,7.6
911, northeast,15,1.1811,37,0,3,24.5,2,2,5,4,4,0,5.9
912,SOUTH,17,0.7232,64,1,3,20.4,2,2,1,-99,4,1,4.4
913, northeast,30,1.4236,58,0,3,34.0,3,1,1,1,4,0,4.4
914,SOUTH,6,0.6596,56,0,3,25.4,4,4,5,4,4,1,8.7
915,Midwest ,22,1.353,26,1,2,,-99,5,4,5,4,0,6.3
916,SOUTH,19,0.9269,18,0,2,28.0,5,5,5,5,4,1,5.7
917,SOUTH,23,0.8646,35,1,1,30.9,4,5,5,-99,4,0,7.7
918,west,24,0.7862,50,1,3,23.2,1,1,3,1,4,0,7.3
919, northeast,28,1.2153,55,0,3,37.6,3,5,4,4,4,1,5.2
920,Midwest ,26,1.3878,60,0,4,71.1,3,1,-99,3,4,1,6.5
921, northeast,28,1.3048,82,0,3,18.3,4,3,4,4,3,1,4.7
922,Midwest ,4,1.1691,67,1,4,15.4,3,2,1,2,4,1,5.5
923,Midwest ,24,1.3629,39,0,2,50.7,5,4,3,4,4,0,6.8
924,Midwest ,2,1.1771,34,1,1,39.2,2,1,1,1,3,0,6.2
925,Midwest ,23,0.8465,52,0,3,34.8,-99,1,2,1,4,1,6.0
926, northeast,21,1.5233,58,1,3,39.6,5,5,-99,5,4,0,5.8
927, northeast,30,1.3167,65,0,4,22.6,3,5,5,5,4,1,6.1
928, northeast,6,1.5954,52,1,2,31.2,5,4,4,5,4,0,8.6
929,SOUTH,8,0.898,45,1,2,50.4,4,5,5,5,4,1,7.7
930,Midwest ,13,1.135,55,0,4,20.5,1,1,1,1,3,0,6.4
931,SOUTH,3,1.0465,32,1,1,46.6,5,5,-99,3,4,0,6.3
932,west,20,0.6832,73,0,3,42.3,3,3,5,5,4,1,8.7
933,SOUTH,8,0.7456,58,1,2,29.5,1,1,1,1,2,0,3.2
934,Midwest ,29,1.1952,85,1,4,22.8,4,5,5,3,4,1,3.5
935, northeast,6,1.2883,40,0,4,47.2,5,4,4,5,4,1,9.0
936,west,28,0.9566,33,1,5,37.8,1,3,1,3,1,0,7.5
937,SOUTH,28,0.8838,65,0,2,19.7,1,2,5,2,4,1,3.9
938,Midwest ,25,1.443,35,1,5,33.7,2,3,5,5,4,1,9.3
939,SOUTH,20,0.5592,34,0,3,N/A,3,2,-99,4,4,1,5.1
940,west,14,0.8647,43,0,3,27.3,3,2,5,5,4,0,8.0
941, northeast,26,1.3135,29,1,3,47.0,-99,5,5,4,4,0,7.9
942, northeast,4,1.4099,50,0,3,47.3,5,5,5,5,4,0,7.7
943,Midwest ,5,0.8991,33,0,3,34.6,1,1,1,1,4,0,6.0
944, northeast,18,0.9903,77,0,2,44.2,1,1,1,1,4,1,3.1
945,west,23,0.9398,32,1,5,29.7,1,3,5,2,4,0,3.7
946,SOUTH,28,0.7908,40,1,3,16.7,4,2,2,5,4,0,6.7
947,Midwest ,1,0.9721,42,0,3,36.7,3,4,4,4,4,0,6.1
948,SOUTH,4,0.7295,63,1,2,19.7,4,1,2,1,4,1,5.3
949,west,10,0.4577,41,0,3,44.2,2,-99,1,1,2,0,6.4
950,west,1,0.9804,27,1,3,34.0,3,1,2,1,4,0,6.0
951,Midwest ,24,1.2434,70,0,3,35.8,4,4,5,-99,4,1,5.3
952, northeast,12,1.6115,70,0,2,141.8,3,3,4,-99,4,1,6.4
953, northeast,20,1.1677,29,1,2,40.3,2,4,-99,5,4,1,9.5
954, northeast,13,1.1554,50,0,2,72.8,-99,1,1,3,3,0,5.5
955,SOUTH,30,0.7741,49,1,3,49.0,2,2,3,3,3,1,5.4
956,Midwest ,28,0.7847,77,0,3,12.3,3,1,3,1,4,1,2.8
957,Midwest ,18,1.3214,79,0,2,37.0,5,5,5,5,4,0,5.4
958,Midwest ,10,0.9973,REFUSED,1,3,30.2,1,2,1,2,1,0,4.8
959,SOUTH,1,0.9705,40,1,4,39.9,5,5,4,5,4,1,6.0
960,west,8,0.7768,19,0,2,29.6,3,5,5,5,4,0,9.4
961,Midwest ,14,1.4237,31,1,3,19.5,1,1,1,1,4,0,7.7
962,west,16,0.7321,52,0,3,26.2,3,3,2,4,4,1,5.0
963,west,5,0.8787,31,0,3,N/A,1,2,1,3,1,0,7.3
964,Midwest ,18,1.0391,57,1,4,12.5,2,5,2,5,4,1,9.0
965,west,16,0.7138,53,0,3,34.0,-99,1,2,1,4,0,4.7
966,Midwest ,21,1.1106,45,0,4,32.6,1,5,3,4,4,1,5.8
967,west,3,0.8032,45,0,4,53.9,4,5,5,5,4,1,9.1
968,Midwest ,13,0.9866,28,1,2,66.5,4,-99,5,2,4,0,7.5
969,Midwest ,15,1.1581,33,0,2,27.3,-99,1,4,2,4,1,6.3
970, northeast,1,1.7313,28,1,3,17.4,5,3,4,4,4,1,8.7
971,SOUTH,12,0.8706,35,1,3,27.1,1,3,1,3,1,1,4.9
972,Midwest ,27,1.0274,41,1,3,18.4,5,4,5,5,4,0,7.2
973,Midwest ,15,0.8318,49,1,2,40.9,4,2,5,5,4,0,7.6
974,SOUTH,24,0.9357,32,1,1,37.9,1,1,1,1,4,1,5.2
975,Midwest ,30,1.3108,44,0,2,22.2,3,1,4,5,3,1,7.9
976, northeast,16,1.1103,18,1,2,21.8,5,5,5,5,4,0,6.8
977,west,19,0.7088,REFUSED,1,2,35.9,2,3,5,3,4,0,8.7
978,SOUTH,19,0.9602,52,1,1,34.1,4,2,4,4,3,0,5.7
979, northeast,14,0.9258,18,1,3,36.6,2,1,4,2,4,0,4.4
980,Midwest ,17,0.9039,51,0,3,22.8,1,1,4,3,4,1,6.8
981, northeast,4,1.0779,64,0,3,23.2,5,5,2,5,4,1,5.0
982,west,10,0.7266,18,0,2,79.5,1,1,1,2,4,0,6.3
983,west,25,0.7525,59,0,3,30.0,5,5,5,5,4,0,6.9
984,west,15,0.6919,42,0,2,38.8,1,2,1,1,3,0,3.0
985,Midwest ,29,1.3787,33,1,3,48.7,2,5,2,2,4,0,7.3
986,Midwest ,27,1.0663,53,0,1,15.9,3,3,-99,2,4,0,7.8
987,SOUTH,4,1.1229,62,1,2,30.4,3,5,4,1,4,0,6.3
988,west,19,0.7287,51,1,2,58.7,4,3,2,4,4,0,5.6
989,west,21,0.8226,43,0,2,27.4,2,2,2,2,3,1,5.6
990,SOUTH,15,0.9229,55,1,4,42.4,2,5,4,5,3,1,8.8
991,Midwest ,23,1.3326,38,1,3,35.7,5,5,-99,5,4,0,7.0
992,SOUTH,20,1.0246,49,1,2,71.0,2,5,1,3,2,1,6.7
993, northeast,8,1.2983,36,1,2,35.9,5,4,4,3,4,1,8.6
994,west,29,0.7501,58,0,3,N/A,5,4,5,3,4,1,6.3
995,SOUTH,18,0.712,64,1,1,36.2,1,3,1,3,1,1,5.0
996,west,9,0.9515,33,1,2,21.2,5,5,5,2,4,0,5.9
997,Midwest ,25,1.3538,43,0,2,28.2,5,5,4,4,4,1,3.7
998,west,26,0.6086,40,0,2,18.3,4,4,5,4,4,1,7.7
999,west,20,0.7711,34,1,2,,1,1,4,1,4,0,4.3
1000, northeast,25,1.2223,50,1,3,27.9,1,1,1,2,4,0,5.4
1001,SOUTH,27,0.9374,49,1,5,38.6,1,4,3,3,4,0,5.4
1002,Midwest ,5,0.9005,59,1,2,28.7,1,4,4,1,4,1,6.4
1003,SOUTH,14,0.9141,48,0,3,27.0,5,5,5,4,4,1,5.3
1004, northeast,23,1.1726,24,1,2,34.3,4,5,3,4,4,1,7.3
1005,west,21,0.6955,53,1,2,11.3,4,4,5,3,4,0,7.3
1006,Midwest ,25,1.0754,58,0,3,29.8,3,2,1,1,4,1,5.5
1007, northeast,4,1.4954,34,1,1,183.0,3,4,3,2,4,0,4.1
1008,Midwest ,18,1.3373,58,0,3,51.2,2,2,2,4,4,0,4.6
1009,west,6,1.0434,54,1,2,25.2,2,4,5,2,4,1,5.1
1010,SOUTH,11,0.8073,20,1,4,16.6,1,1,4,2,4,1,6.2
1011,SOUTH,22,0.9012,54,1,1,51.5,4,1,-99,2,4,1,4.1
1012,west,14,0.8395,36,0,2,N/A,5,4,1,3,4,0,4.6
1013,Midwest ,26,1.3072,41,1,4,N/A,3,4,-99,3,4,1,6.3
1014,Midwest ,29,1.0449,77,1,4,43.9,3,1,1,1,4,1,5.6
1015,west,23,0.8215,48,1,3,44.9,5,4,5,1,4,0,6.3
1016, northeast,25,1.608,61,1,3,40.1,4,5,5,4,4,1,7.9
1017,west,14,0.8348,33,1,3,64.9,2,3,1,2,3,0,7.9
1018,west,1,0.9701,37,1,5,77.5,2,2,1,3,2,1,5.5
1019,SOUTH,20,0.8836,57,0,2,14.7,4,3,4,5,4,1,8.3
1020, northeast,19,1.2367,57,1,1,42.0,3,2,3,3,4,1,5.3
1021, northeast,27,1.0698,31,1,4,37.6,2,3,1,5,2,1,6.7
1022,Midwest ,24,1.2308,37,0,2,84.0,4,1,2,2,3,1,5.1
1023,west,21,0.927,79,1,3,16.7,3,3,2,1,4,1,4.5
1024,SOUTH,24,0.9771,35,0,3,17.5,1,2,1,1,4,0,6.2
1025,west,12,0.8417,31,1,4,31.4,4,4,5,-99,4,1,9.0
1026,Midwest ,23,0.891,37,0,1,38.2,5,5,4,4,4,1,7.6
1027, northeast,26,1.3017,25,0,2,25.9,1,3,1,2,4,0,4.8
1028,SOUTH,9,0.8446,72,1,3,37.4,1,1,1,1,3,1,5.1
1029,Midwest ,6,1.3994,27,1,5,34.8,4,5,5,5,4,1,7.2
1030, northeast,29,1.3785,39,0,3,39.4,2,5,5,1,4,1,2.8
1031, northeast,11,1.0826,56,1,4,35.7,1,1,1,1,2,1,7.5
1032, northeast,15,1.4363,27,0,2,79.4,3,1,3,4,4,0,6.6
1033, northeast,6,1.6946,50,0,3,20.3,1,1,1,2,2,1,6.2
1034,Midwest ,21,1.1885,62,1,4,107.4,5,3,3,3,4,1,4.8
1035, northeast,13,1.2699,57,0,3,40.4,1,1,-99,1,1,0,6.4
1036,west,15,0.5564,63,0,2,51.4,3,1,2,3,4,0,6.5
1037,west,27,0.9238,67,0,4,21.7,3,1,1,1,4,1,5.0
1038, northeast,29,0.9951,51,1,3,29.7,5,2,3,3,4,0,7.5
1039, northeast,27,1.2254,55,1,1,30.4,2,2,1,2,2,0,7.7
1040, northeast,29,1.4096,39,1,4,121.6,3,5,1,1,4,0,5.1
1041, northeast,21,1.3756,80,0,2,28.5,3,3,1,1,3,1,6.2
1042,Midwest ,11,1.1436,37,0,1,50.2,5,5,5,5,4,1,7.3
1043, northeast,9,1.0484,38,1,3,101.3,1,2,4,3,4,0,4.2
1044,SOUTH,8,0.7927,53,1,4,22.3,3,2,4,3,4,1,7.5
1045,Midwest ,22,0.9553,62,1,3,30.5,1,2,1,1,2,0,5.5
1046,Midwest ,26,1.1718,45,1,3,25.7,3,1,2,3,4,0,4.0
1047,SOUTH,26,0.8794,42,1,4,34.2,2,2,2,5,2,1,7.1
1048,SOUTH,19,0.6764,23,1,3,47.1,1,3,1,4,2,1,6.1
1049,Midwest ,29,1.1645,27,0,3,36.3,5,4,5,5,4,0,5.8
1050, northeast,20,1.7875,38,1,3,24.5,4,3,2,1,4,0,3.1
1051,west,15,0.6189,18,1,3,22.5,3,4,2,4,4,1,6.5
1052,west,10,0.662,39,1,5,10.8,1,1,1,1,3,1,4.4
1053, northeast,1,1.5387,REFUSED,0,1,18.0,3,5,5,5,4,1,7.7
1054,Midwest ,6,0.9357,57,0,2,62.4,1,3,2,2,2,1,6.6
1055,Midwest ,2,0.9891,47,0,3,45.0,4,4,3,2,4,1,4.6
1056,west,17,0.7131,60,1,1,11.9,4,3,4,3,4,1,6.3
1057,Midwest ,25,1.1461,35,0,4,15.8,2,1,1,4,2,0,7.1
1058, northeast,12,0.9987,41,1,4,47.0,5,3,4,2,4,0,5.1
1059,Midwest ,28,1.2031,59,1,1,18.9,3,-99,4,4,3,1,7.7
1060,west,8,1.006,51,1,1,52.0,4,2,3,3,4,0,6.0
1061,Midwest ,8,0.9728,62,1,3,31.5,5,5,4,5,4,0,8.1
1062,SOUTH,23,0.7425,23,0,1,25.2,3,4,-99,-99,3,0,6.5
1063,SOUTH,19,0.8757,18,0,2,88.6,1,1,1,1,4,0,7.3
1064,SOUTH,30,0.8934,57,1,2,101.5,4,2,4,3,4,1,7.0
1065,Midwest ,6,1.0747,52,0,3,34.6,4,5,2,4,4,1,4.1
1066, northeast,3,1.2686,50,1,3,56.4,5,5,4,5,4,0,4.3
1067,west,2,0.9373,38,1,1,28.6,3,3,1,-99,4,0,8.4
1068,Midwest ,24,1.3325,52,0,4,40.2,2,3,1,2,4,0,6.7
1069, northeast,12,1.7094,63,0,1,109.2,1,1,2,3,3,1,5.1
1070,west,21,0.693,18,1,2,47.9,1,3,3,4,3,1,6.4
1071,SOUTH,29,0.8738,52,1,2,,3,3,3,4,4,1,8.5
1072, northeast,22,1.6575,56,0,3,81.7,5,3,5,5,4,0,6.2
1073,west,2,0.7227,42,1,3,39.5,1,1,1,1,2,1,6.4
1074, northeast,30,1.4081,52,0,3,40.5,2,2,1,1,2,1,4.9
1075,west,4,0.671,51,1,2,34.4,4,1,2,1,4,1,3.8
1076,SOUTH,8,0.7365,28,0,2,46.8,3,3,2,1,4,0,4.2
1077,west,30,1.04,26,0,4,37.7,5,3,3,3,4,1,6.1
1078,SOUTH,7,0.8089,21,0,4,29.5,5,3,5,5,4,0,6.7
1079, northeast,5,1.1753,44,0,4,N/A,3,4,3,4,4,0,5.9
1080,SOUTH,8,0.8604,38,0,3,22.0,3,3,2,5,3,0,7.5
1081,west,9,0.6966,55,1,3,7.1,1,5,3,5,4,0,5.3
1082,west,19,0.6304,36,1,3,85.9,1,2,3,2,3,0,5.7
1083,Midwest ,15,0.7908,28,1,3,N/A,4,5,2,5,4,0,6.9
1084, northeast,3,1.637,38,0,2,44.2,3,1,4,2,4,1,7.6
1085,Midwest ,25,1.1609,18,1,2,58.3,2,3,3,1,3,0,4.9
1086,SOUTH,7,0.8425,64,0,4,18.1,3,4,4,3,4,1,7.4
1087, northeast,8,1.4019,57,0,2,12.4,5,5,1,-99,4,0,5.2
1088, northeast,10,1.4687,68,0,4,21.9,2,2,2,4,4,1,7.0
1089, northeast,13,1.1628,43,1,3,106.7,3,3,4,5,4,0,7.8
1090,SOUTH,17,0.8299,39,0,2,10.9,4,4,4,3,4,0,5.2
1091, northeast,11,1.2494,60,1,2,36.0,3,1,2,-99,4,1,8.6
1092, northeast,23,1.3193,48,0,4,62.9,5,-99,3,1,4,1,6.2
1093,Midwest ,7,1.255,24,0,3,33.0,5,4,3,5,4,0,7.0
1094, northeast,13,1.5066,70,1,2,41.4,5,3,3,2,4,1,6.3
1095,SOUTH,9,0.6922,44,1,2,21.7,2,3,4,5,4,0,6.4
1096, northeast,11,1.0768,40,0,2,101.7,3,2,4,-99,4,0,5.7
1097,west,20,0.7216,37,1,2,N/A,5,5,4,5,4,0,8.3
1098,Midwest ,22,1.2905,71,1,4,25.6,3,5,4,4,4,1,2.8
1099, northeast,26,1.2931,56,1,4,19.9,2,5,2,5,4,0,5.7
1100,SOUTH,2,0.8321,41,0,2,58.6,1,3,2,5,1,0,6.8
1101,Midwest ,27,1.1868,44,0,2,25.1,2,3,4,3,3,1,4.7
1102,Midwest ,27,1.2906,26,0,1,29.7,3,5,3,5,3,0,6.9
1103,Midwest ,5,1.271,67,0,3,79.7,2,4,5,4,4,1,7.5
1104,west,2,0.4983,87,0,3,36.0,5,2,5,5,4,1,8.0
1105,SOUTH,11,0.7313,REFUSED,1,3,32.8,5,5,-99,5,4,1,7.5
1106,Midwest ,23,1.0878,20,0,4,24.4,5,3,2,3,4,1,6.2
1107,SOUTH,23,0.9119,18,1,2,25.4,1,1,1,1,1,0,5.4
1108, northeast,15,1.6218,46,1,1,66.1,5,3,2,4,1,1,4.8
1109, northeast,2,1.3805,18,0,3,32.7,5,1,1,2,4,0,6.6
1110, northeast,15,1.4178,40,1,1,32.9,5,4,3,5,4,0,7.3
1111,Midwest ,26,1.2665,68,1,1,32.1,2,4,2,3,3,1,4.4
1112,SOUTH,19,0.9975,56,0,2,36.0,2,2,1,1,2,0,5.8
1113,Midwest ,25,1.2684,63,1,2,38.8,3,5,4,5,4,1,8.6
1114,west,19,0.8104,85,1,1,N/A,1,2,1,4,2,0,6.5
1115,SOUTH,28,0.6441,41,0,3,27.2,5,3,4,5,4,0,6.5
1116,west,13,0.5073,30,0,3,68.9,4,4,1,1,4,0,7.1
1117,west,4,0.7455,47,0,3,66.5,3,-99,4,5,4,0,9.6
1118, northeast,10,1.4004,46,1,2,64.8,2,5,1,4,2,0,6.6
1119, northeast,23,0.9818,38,0,2,78.0,2,3,1,4,2,1,7.0
1120, northeast,30,1.4703,69,0,3,83.4,1,1,1,3,4,1,6.5
1121,Midwest ,17,0.933,38,0,2,51.9,3,4,4,1,4,1,6.7
1122,Midwest ,15,1.5313,21,0,3,12.6,4,3,2,5,4,1,6.8
1123,Midwest ,6,0.9819,68,1,3,16.8,1,3,4,3,4,1,5.2
1124,west,18,0.4869,59,1,2,80.6,4,4,3,4,4,1,6.1
1125,west,24,0.7352,31,1,2,,4,1,3,5,4,1,5.2
1126,west,13,0.7364,22,0,3,20.2,5,5,3,5,4,0,6.9
1127,west,10,0.8428,REFUSED,0,3,54.7,1,1,2,-99,1,1,4.6
1128,Midwest ,11,1.1787,38,0,3,57.8,4,1,1,1,4,1,7.1
1129, northeast,1,1.3148,73,0,4,58.5,5,5,5,4,4,1,6.1
1130,Midwest ,14,1.2854,51,0,2,31.4,2,3,2,2,4,0,7.5
1131, northeast,20,1.399,43,0,4,40.7,1,-99,4,1,4,1,6.5
1132,SOUTH,19,0.5911,53,1,4,50.8,2,3,4,5,4,0,9.0
1133,west,21,0.79,REFUSED,1,2,13.3,1,2,2,3,3,1,5.7
1134, northeast,6,1.5639,59,0,2,20.7,1,1,1,2,2,1,3.8
1135, northeast,14,1.3522,59,0,3,75.1,2,5,3,4,3,1,7.1
1136,Midwest ,1,1.106,29,0,4,46.9,4,1,3,2,4,1,7.7
1137, northeast,9,1.3569,54,1,2,21.1,4,3,4,5,4,0,8.6
1138,SOUTH,5,0.9026,79,0,4,78.7,3,4,3,4,4,1,6.9
1139, northeast,9,1.1533,59,0,3,11.7,4,5,3,4,4,1,5.8
1140, northeast,12,1.3361,34,0,3,N/A,3,5,4,4,4,0,6.8
1141,SOUTH,12,0.8924,34,0,3,24.9,5,5,2,5,4,1,8.4
1142,west,7,0.857,50,1,3,34.3,4,1,1,2,4,0,6.0
1143,west,8,0.8053,46,1,2,19.9,1,3,3,5,4,0,6.3
1144,Midwest ,29,0.9948,49,1,4,34.4,2,1,2,3,3,1,5.4
1145,west,5,0.6439,60,1,2,23.8,-99,5,4,1,2,1,4.0
1146,Midwest ,10,1.0267,37,1,3,46.4,5,3,2,1,4,0,4.7
1147,Midwest ,27,1.1331,47,0,3,42.9,1,1,2,1,2,1,5.4
1148,Midwest ,23,0.9104,35,0,3,75.9,3,3,1,-99,3,1,5.2
1149,SOUTH,13,0.6204,64,1,3,25.8,3,2,4,2,4,0,6.0
1150,SOUTH,14,0.8786,51,0,3,23.7,3,5,5,5,4,1,6.3
1151,Midwest ,25,1.1673,53,0,3,49.4,1,1,1,1,2,1,3.2
1152,Midwest ,15,1.0028,19,0,4,52.7,1,4,1,2,3,1,5.8
1153,Midwest ,26,1.0311,41,0,2,100.9,1,1,1,1,1,1,8.3
1154, northeast,28,1.2383,41,1,1,47.5,4,5,4,4,4,0,5.7
1155,Midwest ,5,0.9528,29,1,2,30.8,3,4,3,4,4,1,5.7
1156,west,3,0.637,37,1,2,44.3,-99,5,3,4,4,1,5.2
1157,west,26,0.8601,54,0,3,22.2,2,2,2,1,4,0,6.2
1158,Midwest ,6,1.2052,50,0,4,17.9,5,3,1,1,4,0,6.7
1159, northeast,18,1.0864,50,0,4,11.9,2,-99,5,4,4,0,6.6
1160, northeast,1,1.4238,67,1,2,34.3,1,1,2,1,1,0,6.6
1161,SOUTH,6,0.7384,42,0,3,75.5,5,5,5,5,4,1,10.0
1162,SOUTH,13,1.0356,40,0,5,56.4,1,4,4,5,3,0,3.7
1163,west,15,0.8227,18,1,3,71.4,3,1,5,3,4,0,4.2
1164, northeast,15,1.5657,52,1,4,17.7,5,4,1,5,4,0,7.6
1165,SOUTH,18,0.9491,66,1,1,46.8,1,4,-99,2,4,0,4.3
1166, northeast,29,1.3422,36,1,4,11.5,3,5,5,1,4,1,5.6
1167,west,16,0.8706,45,0,4,61.4,5,5,1,5,4,1,5.1
1168,SOUTH,1,0.9614,34,0,4,24.7,4,-99,5,5,4,1,8.3
1169, northeast,7,1.1417,18,1,2,55.4,2,2,2,1,4,0,7.5
1170, northeast,5,1.3365,20,0,3,20.3,1,1,1,2,3,1,6.6
1171,west,3,0.9049,25,0,3,42.3,2,2,3,5,4,1,6.0
1172,west,5,0.8117,52,1,2,27.8,3,5,5,5,4,1,8.5
1173,SOUTH,11,0.8571,43,0,1,43.7,2,2,2,1,1,0,7.3
1174,SOUTH,9,0.5481,38,0,4,50.2,3,1,4,3,4,0,4.8
1175, northeast,16,1.0558,46,1,4,29.7,1,1,1,1,4,0,4.6
1176, northeast,17,1.3153,18,0,3,20.2,4,5,5,4,4,1,6.0
1177, northeast,24,1.1139,REFUSED,0,4,15.8,5,2,-99,1,4,1,5.5
1178,Midwest ,13,1.1173,46,1,4,13.0,2,2,1,5,4,0,7.6
1179,Midwest ,15,0.9588,46,1,2,23.1,4,5,5,5,4,1,7.8
1180, northeast,26,1.5121,47,1,2,34.3,5,2,1,3,4,0,5.1
1181, northeast,21,1.5676,72,1,4,18.5,1,1,4,1,4,1,5.0
1182,west,24,0.836,38,0,3,31.1,3,1,2,1,4,1,5.6
1183, northeast,7,1.472,47,0,1,25.6,2,1,2,-99,2,0,6.5
1184,west,26,0.8567,37,0,3,29.0,5,5,5,5,4,0,7.8
1185,Midwest ,14,1.1787,48,1,3,99.0,3,1,2,1,4,1,8.3
1186,west,2,0.9477,27,1,2,15.3,4,1,3,1,4,1,4.7
1187,Midwest ,22,1.1538,32,0,2,40.4,3,3,5,3,4,0,8.4
1188, northeast,16,1.6131,62,1,3,49.0,4,4,3,-99,4,1,5.7
1189,west,23,0.7342,35,0,3,16.1,4,5,3,3,4,1,6.4
1190,west,28,0.7057,52,1,3,26.8,4,1,2,1,4,1,3.0
1191,west,18,0.7387,47,0,4,N/A,3,5,2,2,4,0,6.5
1192,Midwest ,23,1.2022,26,0,2,N/A,3,3,4,1,4,0,7.7
1193, northeast,25,1.3417,50,0,2,15.6,5,5,3,5,4,0,7.0
1194,west,3,0.8165,78,0,1,56.0,5,2,3,3,4,1,6.0
1195, northeast,4,1.3398,54,0,1,37.8,4,2,3,5,4,1,7.7
1196,west,13,0.7406,25,0,2,33.9,3,4,3,4,4,1,8.3
1197,SOUTH,26,0.9065,90,1,3,22.6,4,5,4,5,4,1,6.0
1198,Midwest ,13,0.8982,51,0,4,42.2,1,1,3,3,4,1,7.0
1199,Midwest ,2,1.1095,40,0,3,12.8,3,3,2,5,4,0,6.0
1200,SOUTH,10,0.7776,45,0,3,36.5,5,5,4,5,4,0,8.4
15,west,17,0.8131,48,0,1,16.3,1,1,1,1,2,0,5.2
274,west,21,0.856,38,0,4,22.4,4,1,3,2,4,0,4.5
611,west,19,0.6924,39,0,2,48.8,5,5,3,3,4,1,6.1
900,SOUTH,22,1.0006,50,0,5,N/A,3,4,3,3,4,1,6.7
